ID,MovieName,MovieLink
1,Inside Out,https://www.imdb.com/title/tt2096673/?ref_=ttls_li_tt
2,The Martian,https://www.imdb.com/title/tt3659388/?ref_=ttls_li_tt
3,Star Wars: Episode VII - The Force Awakens,https://www.imdb.com/title/tt2488496/?ref_=ttls_li_tt
4,The Revenant,https://www.imdb.com/title/tt1663202/?ref_=ttls_li_tt
5,The Hateful Eight,https://www.imdb.com/title/tt3460252/?ref_=ttls_li_tt
6,Jurassic World,https://www.imdb.com/title/tt0369610/?ref_=ttls_li_tt
7,Ex Machina,https://www.imdb.com/title/tt0470752/?ref_=ttls_li_tt
8,Room,https://www.imdb.com/title/tt3170832/?ref_=ttls_li_tt
9,Regression,https://www.imdb.com/title/tt3319920/?ref_=ttls_li_tt
10,The Hunger Games: Mockingjay - Part 2,https://www.imdb.com/title/tt1951266/?ref_=ttls_li_tt
11,The Man from U.N.C.L.E.,https://www.imdb.com/title/tt1638355/?ref_=ttls_li_tt
12,Spectre,https://www.imdb.com/title/tt2379713/?ref_=ttls_li_tt
13,Mission: Impossible - Rogue Nation,https://www.imdb.com/title/tt2381249/?ref_=ttls_li_tt
14,The Jungle Book,https://www.imdb.com/title/tt3040964/?ref_=ttls_li_tt
15,10 Cloverfield Lane,https://www.imdb.com/title/tt1179933/?ref_=ttls_li_tt
16,X-Men: Apocalypse,https://www.imdb.com/title/tt3385516/?ref_=ttls_li_tt
17,Crimson Peak,https://www.imdb.com/title/tt2554274/?ref_=ttls_li_tt
18,The Witch,https://www.imdb.com/title/tt4263482/?ref_=ttls_li_tt
19,Arrival,https://www.imdb.com/title/tt2543164/?ref_=ttls_li_tt
20,Tomorrowland,https://www.imdb.com/title/tt1964418/?ref_=ttls_li_tt
21,Maze Runner: The Scorch Trials,https://www.imdb.com/title/tt4046784/?ref_=ttls_li_tt
22,A Monster Calls,https://www.imdb.com/title/tt3416532/?ref_=ttls_li_tt
23,Rogue One: A Star Wars Story,https://www.imdb.com/title/tt3748528/?ref_=ttls_li_tt
24,Insurgent,https://www.imdb.com/title/tt2908446/?ref_=ttls_li_tt
25,Jupiter Ascending,https://www.imdb.com/title/tt1617661/?ref_=ttls_li_tt
26,The Conjuring 2,https://www.imdb.com/title/tt3065204/?ref_=ttls_li_tt
27,Warcraft,https://www.imdb.com/title/tt0803096/?ref_=ttls_li_tt
28,Youth,https://www.imdb.com/title/tt3312830/?ref_=ttls_li_tt
29,"Hail, Caesar!",https://www.imdb.com/title/tt0475290/?ref_=ttls_li_tt
30,In the Heart of the Sea,https://www.imdb.com/title/tt1390411/?ref_=ttls_li_tt
31,Fantastic Beasts and Where to Find Them,https://www.imdb.com/title/tt3183660/?ref_=ttls_li_tt
32,Cinderella,https://www.imdb.com/title/tt1661199/?ref_=ttls_li_tt
33,Don't Breathe,https://www.imdb.com/title/tt4160708/?ref_=ttls_li_tt
34,The Invitation,https://www.imdb.com/title/tt2400463/?ref_=ttls_li_tt
35,Miss Peregrine's Home for Peculiar Children,https://www.imdb.com/title/tt1935859/?ref_=ttls_li_tt
36,Bone Tomahawk,https://www.imdb.com/title/tt2494362/?ref_=ttls_li_tt
37,The Legend of Tarzan,https://www.imdb.com/title/tt0918940/?ref_=ttls_li_tt
38,The Shallows,https://www.imdb.com/title/tt4052882/?ref_=ttls_li_tt
39,Lights Out,https://www.imdb.com/title/tt4786282/?ref_=ttls_li_tt
40,Me Before You,https://www.imdb.com/title/tt2674426/?ref_=ttls_li_tt
41,Kubo and the Two Strings,https://www.imdb.com/title/tt4302938/?ref_=ttls_li_tt
42,Insidious: Chapter 3,https://www.imdb.com/title/tt3195644/?ref_=ttls_li_tt
43,Pan,https://www.imdb.com/title/tt3332064/?ref_=ttls_li_tt
44,Alice Through the Looking Glass,https://www.imdb.com/title/tt2567026/?ref_=ttls_li_tt
45,Allegiant,https://www.imdb.com/title/tt3410834/?ref_=ttls_li_tt
46,The Last Witch Hunter,https://www.imdb.com/title/tt1618442/?ref_=ttls_li_tt
47,The Magnificent Seven,https://www.imdb.com/title/tt2404435/?ref_=ttls_li_tt
48,Gods of Egypt,https://www.imdb.com/title/tt2404233/?ref_=ttls_li_tt
49,Inferno,https://www.imdb.com/title/tt3062096/?ref_=ttls_li_tt
50,The Huntsman: Winter's War,https://www.imdb.com/title/tt2381991/?ref_=ttls_li_tt
51,Self/less,https://www.imdb.com/title/tt2140379/?ref_=ttls_li_tt
52,Nocturnal Animals,https://www.imdb.com/title/tt4550098/?ref_=ttls_li_tt
53,The Boy,https://www.imdb.com/title/tt3882082/?ref_=ttls_li_tt
54,Knock Knock,https://www.imdb.com/title/tt3605418/?ref_=ttls_li_tt
55,The Final Girls,https://www.imdb.com/title/tt2118624/?ref_=ttls_li_tt
56,Everybody Wants Some!!,https://www.imdb.com/title/tt2937696/?ref_=ttls_li_tt
57,Nerve,https://www.imdb.com/title/tt3531824/?ref_=ttls_li_tt
58,The BFG,https://www.imdb.com/title/tt3691740/?ref_=ttls_li_tt
59,The Girl on the Train,https://www.imdb.com/title/tt3631112/?ref_=ttls_li_tt
60,The Neon Demon,https://www.imdb.com/title/tt1974419/?ref_=ttls_li_tt
61,Ma ma,https://www.imdb.com/title/tt3480886/?ref_=ttls_li_tt
62,Hush,https://www.imdb.com/title/tt5022702/?ref_=ttls_li_tt
63,Victor Frankenstein,https://www.imdb.com/title/tt1976009/?ref_=ttls_li_tt
64,The Little Prince,https://www.imdb.com/title/tt1754656/?ref_=ttls_li_tt
65,Allied,https://www.imdb.com/title/tt3640424/?ref_=ttls_li_tt
66,The Woman in Black 2: Angel of Death,https://www.imdb.com/title/tt2339741/?ref_=ttls_li_tt
67,The Handmaiden,https://www.imdb.com/title/tt4016934/?ref_=ttls_li_tt
68,Assassin's Creed,https://www.imdb.com/title/tt2094766/?ref_=ttls_li_tt
69,Ben-Hur,https://www.imdb.com/title/tt2638144/?ref_=ttls_li_tt
70,Tale of Tales,https://www.imdb.com/title/tt3278330/?ref_=ttls_li_tt
71,Ouija: Origin of Evil,https://www.imdb.com/title/tt4361050/?ref_=ttls_li_tt
72,Finding Altamira,https://www.imdb.com/title/tt3014910/?ref_=ttls_li_tt
73,Summertime,https://www.imdb.com/title/tt4080768/?ref_=ttls_li_tt
74,Passengers,https://www.imdb.com/title/tt1355644/?ref_=ttls_li_tt
75,The Autopsy of Jane Doe,https://www.imdb.com/title/tt3289956/?ref_=ttls_li_tt
76,Into the Forest,https://www.imdb.com/title/tt2625810/?ref_=ttls_li_tt
77,The Red Turtle,https://www.imdb.com/title/tt3666024/?ref_=ttls_li_tt
78,Under the Shadow,https://www.imdb.com/title/tt4273292/?ref_=ttls_li_tt
79,Correspondence,https://www.imdb.com/title/tt3530978/?ref_=ttls_li_tt
80,Manhattan Night,https://www.imdb.com/title/tt3100274/?ref_=ttls_li_tt
81,Heidi,https://www.imdb.com/title/tt3700392/?ref_=ttls_li_tt
82,Digging for Fire,https://www.imdb.com/title/tt3704416/?ref_=ttls_li_tt
83,Colossal,https://www.imdb.com/title/tt4680182/?ref_=ttls_li_tt
84,Vampyres,https://www.imdb.com/title/tt3654680/?ref_=ttls_li_tt
85,Extraordinary Tales,https://www.imdb.com/title/tt3454574/?ref_=ttls_li_tt
86,Visions,https://www.imdb.com/title/tt2954474/?ref_=ttls_li_tt
87,I Smile Back,https://www.imdb.com/title/tt3640682/?ref_=ttls_li_tt
88,Long Way North,https://www.imdb.com/title/tt2262345/?ref_=ttls_li_tt
89,On the Milky Road,https://www.imdb.com/title/tt2800340/?ref_=ttls_li_tt
90,Split,https://www.imdb.com/title/tt4972582/?ref_=ttls_li_tt
91,Anarchy Parlor,https://www.imdb.com/title/tt2948712/?ref_=ttls_li_tt
92,Silence,https://www.imdb.com/title/tt0490215/?ref_=ttls_li_tt
93,Frank & Lola,https://www.imdb.com/title/tt1290138/?ref_=ttls_li_tt
94,Loving Vincent,https://www.imdb.com/title/tt3262342/?ref_=ttls_li_tt
95,ClownTown,https://www.imdb.com/title/tt4577344/?ref_=ttls_li_tt
96,Playing with Dolls,https://www.imdb.com/title/tt4145836/?ref_=ttls_li_tt
97,The Lost City of Z,https://www.imdb.com/title/tt1212428/?ref_=ttls_li_tt
98,Nosferatu,https://www.imdb.com/title/tt5574078/?ref_=ttls_li_tt
99,Planetarium,https://www.imdb.com/title/tt4680196/?ref_=ttls_li_tt
100,A Cure for Wellness,https://www.imdb.com/title/tt4731136/?ref_=ttls_li_tt
101,The Great Wall,https://www.imdb.com/title/tt2034800/?ref_=ttls_li_tt
102,King Arthur: Legend of the Sword,https://www.imdb.com/title/tt1972591/?ref_=ttls_li_tt
103,T2 Trainspotting,https://www.imdb.com/title/tt2763304/?ref_=ttls_li_tt
104,Kong: Skull Island,https://www.imdb.com/title/tt3731562/?ref_=ttls_li_tt
105,Beauty and the Beast,https://www.imdb.com/title/tt2771200/?ref_=ttls_li_tt
106,The Mummy,https://www.imdb.com/title/tt2345759/?ref_=ttls_li_tt
107,Annabelle: Creation,https://www.imdb.com/title/tt5140878/?ref_=ttls_li_tt
108,Dunkirk,https://www.imdb.com/title/tt5013056/?ref_=ttls_li_tt
109,Wonder Woman,https://www.imdb.com/title/tt0451279/?ref_=ttls_li_tt
110,The Dark Tower,https://www.imdb.com/title/tt1648190/?ref_=ttls_li_tt
111,Valerian and the City of a Thousand Planets,https://www.imdb.com/title/tt2239822/?ref_=ttls_li_tt
112,Alien: Covenant,https://www.imdb.com/title/tt2316204/?ref_=ttls_li_tt
113,Journey to China: The Mystery of Iron Mask,https://www.imdb.com/title/tt6218010/?ref_=ttls_li_tt
114,Blade Runner 2049,https://www.imdb.com/title/tt1856101/?ref_=ttls_li_tt
115,Spring Breakers: The Second Coming,https://www.imdb.com/title/tt3716544/?ref_=ttls_li_tt
116,Sherlock Holmes 3,https://www.imdb.com/title/tt2094116/?ref_=ttls_li_tt
117,Robin Hood,https://www.imdb.com/title/tt4532826/?ref_=ttls_li_tt
