ID,Movie Title,StoryLine,Rating,Tagline,Budget,Gross
1,Joker (2019) ,"In Gotham City, mentally troubled comedian Arthur Fleck is disregarded and mistreated by society. He then embarks on a downward spiral of revolution and bloody crime. This path brings him face-to-face with his alter-ego: the Joker.",8.5/10,Put on a happy face.,"$55,000,000","$1,074,251,311"
2,Jojo Rabbit (2019) ,A young boy in Hitler's army finds out his mother is hiding a Jewish girl in their home.,7.9/10,An anti-hate satire.,"$14,000,000","$90,335,025"
3,The King (2019) ,"Hal, wayward prince and heir to the English throne, is crowned King Henry V after his tyrannical father dies. Now the young king must navigate palace politics, the war his father left behind, and the emotional strings of his past life.",7.3/10,N/A,N/A,"$126,931"
4,Parasite (2019) ,Greed and class discrimination threaten the newly formed symbiotic relationship between the wealthy Park family and the destitute Kim clan.,8.6/10,"Uncontainable desire. (US teaser poster)                
 See more »","$11,400,000","$254,218,961"
5,Marriage Story (2019) ,Noah Baumbach's incisive and compassionate look at a marriage breaking up and a family staying together.,8.0/10,"Where there's a love, there's a way.","$18,600,000","$333,686"
6,1917 (2019) ,"April 6th, 1917. As a regiment assembles to wage war deep in enemy territory, two soldiers are assigned to race against time and deliver a message that will stop 1,600 men from walking straight into a deadly trap.",8.3/10,Time is the enemy.,"$95,000,000","$368,027,644"
7,Midsommar (2019) ,A couple travels to Sweden to visit a rural hometown's fabled mid-summer festival. What begins as an idyllic retreat quickly devolves into an increasingly violent and bizarre competition at the hands of a pagan cult.,7.1/10,Let the festivities begin,"$9,000,000","$46,890,297"
8,Ready or Not (2019) ,A bride's wedding night takes a sinister turn when her eccentric new in-laws force her to take part in a terrifying game.,6.8/10,"In-laws can be murder.                
 See more »","$6,000,000","$57,615,777"
9,Little Joe (2019) ,"Alice, a single mother, is a dedicated senior plant breeder at a corporation engaged in developing new species. Against company policy, she takes one home as a gift for her teenage son and names it after him but soon starts fearing it.",5.9/10,Happiness is a Business,N/A,"$196,960"
10,Dolemite Is My Name (2019) ,"Eddie Murphy portrays real-life legend Rudy Ray Moore, a comedy and rap pioneer who proved naysayers wrong when his hilarious, obscene, kung-fu fighting alter ego, Dolemite, became a 1970s Blaxploitation phenomenon.",7.3/10,Make your own legend.,N/A,N/A
11,The Art of Racing in the Rain (2019) ,"Through his bond with his owner, aspiring Formula One race car driver Denny, golden retriever Enzo learns that the techniques needed on the racetrack can also be used to successfully navigate the journey of life.",7.5/10,Meet the Dog Who Will Show the World How to Be Human,"$18,000,000","$33,766,787"
12,Zombieland: Double Tap (2019) ,"Columbus, Tallahassee, Wichita, and Little Rock move to the American heartland as they face off against evolved zombies, fellow survivors, and the growing pains of the snarky makeshift family.",6.8/10,N/A,"$42,000,000","$122,810,399"
13,The Perfection (2018) ,"When troubled musical prodigy Charlotte seeks out Elizabeth, the new star pupil of her former school, the encounter sends both musicians down a sinister path with shocking consequences.",6.1/10,It's Time to Face the Music,N/A,N/A
14,The Laundromat (2019) ,"A widow investigates an insurance fraud, chasing leads to a pair of Panama City law partners exploiting the world's financial system.",6.3/10,Based on actual secrets,N/A,N/A
15,John Wick: Chapter 3 - Parabellum (2019) ,"John Wick is on the run after killing a member of the international assassins' guild, and with a $14 million price tag on his head, he is the target of hit men and women everywhere.",7.5/10,"If you want peace, prepare for war                
 See more »","$75,000,000","$326,709,727"
16,Us (2019) ,A family's serene beach vacation turns to chaos when their doppelgängers appear and begin to terrorize them.,6.9/10,"Two Years Ago, Jordan Peele Redefined the Genre with ""Get Out."" On March 22, Discover His New Nightmare.                
 See more »","$20,000,000","$255,184,580"
17,Cold Pursuit (2019) ,A grieving snowplow driver seeks out revenge against the drug dealers who killed his son.,6.2/10,"Meet Nels Coxman, Citizen of the Year.                
 See more »","$60,000,000","$76,419,755"
18,Fast & Furious Presents: Hobbs & Shaw (2019) ,"Lawman Luke Hobbs (Dwayne ""The Rock"" Johnson) and outcast Deckard Shaw (Jason Statham) form an unlikely alliance when a cyber-genetically enhanced villain threatens the future of humanity.",6.5/10,"Nothing is stronger than family.                
 See more »","$200,000,000","$759,056,935"
19,It Chapter Two (2019) ,"Twenty-seven years after their first encounter with the terrifying Pennywise, the Losers Club have grown up and moved away, until a devastating phone call brings them back.",6.6/10,"You'll Float Again                
 See more »","$79,000,000","$473,093,228"
20,Freaks (2018) ,"A bold girl discovers a bizarre, threatening, and mysterious new world beyond her front door after she escapes her father's protective and paranoid control.",6.7/10,They look just like us,N/A,"$335,050"
21,The Irishman (2019) ,"An aging hitman recalls his time with the mob and the intersecting events with his friend, Jimmy Hoffa, through the 1950-70s.",7.9/10,"His story changed history.                
 See more »","$159,000,000","$968,853"
22,Black and Blue (2019) ,A rookie New Orleans police officer is forced to balance her identity as a black woman after she witnesses two corrupt cops committing murder.,6.3/10,The truth made her a target.,"$12,000,000","$22,741,061"
23,Captive State (2019) ,"Set in a Chicago neighborhood nearly a decade after an occupation by an extraterrestrial force, 'Captive State' explores the lives on both sides of the conflict - the collaborators and dissidents.",6.0/10,"Ten years ago, they took our planet. Today, we take it back.                
 See more »","$25,000,000","$8,808,611"
24,Once Upon a Time... in Hollywood (2019) ,A faded television actor and his stunt double strive to achieve fame and success in the film industry during the final years of Hollywood's Golden Age in 1969 Los Angeles.,7.7/10,The 9th Film from Quentin Tarantino.,"$90,000,000","$374,343,626"
25,A Beautiful Day in the Neighborhood (2019) ,Based on the true story of a real-life friendship between Fred Rogers and journalist Lloyd Vogel.,7.3/10,We Could All Use a Little Kindness,"$25,000,000","$67,760,877"
26,Rocketman (2019) ,A musical fantasy about the fantastical human story of Elton John's breakthrough years.,7.3/10,"The Only Way to Tell His Story is to live His Fantasy.                
 See more »","$40,000,000","$195,179,299"
27,Jexi (2019) ,A comedy about what can happen when you love your phone more than anything else in your life.,6.1/10,"She had him at ""hello""","$5,000,000","$9,172,189"
28,In the Shadow of the Moon (2019) ,A Philadelphia police officer struggles with a lifelong obsession to track down a mysterious serial killer whose crimes defy explanation.,6.2/10,Some Crimes Defy Time,N/A,N/A
29,3 from Hell (2019) ,"After barely surviving prison, the demented Firefly clan go on the run, unleashing a whole new wave of murder, madness and mayhem.",5.6/10,"Murder... Madness... Mayhem...                
 See more »","$3,000,000","$2,295,825"
30,Eli (2019) ,A boy receiving treatment for his auto-immune disorder discovers that the house he's living in isn't as safe as he thought.,5.8/10,N/A,N/A,N/A
31,Pokémon Detective Pikachu (2019) ,"In a world where people collect Pokémon to do battle, a boy comes across an intelligent talking Pikachu who seeks to be a detective.",6.6/10,N/A,"$150,000,000","$433,005,346"
32,Aniara (2018) ,"A spaceship carrying settlers to Mars is knocked off course, causing the consumption-obsessed passengers to consider their place in the universe.",6.2/10,A simple trip to Mars will become the journey of a lifetime,N/A,"$40,124"
33,Climax (2018) ,"French dancers gather in a remote, empty school building to rehearse on a wintry night. The all-night celebration morphs into a hallucinatory nightmare when they learn their sangria is laced with LSD.",7.1/10,N/A,"EUR2,600,000","$2,027,391"
34,Ad Astra (2019) ,"Astronaut Roy McBride undertakes a mission across an unforgiving solar system to uncover the truth about his missing father and his doomed expedition that now, 30 years later, threatens the universe.",6.6/10,The Answers We Seek Are Just Outside Our Reach,"$90,000,000","$132,807,427"
35,Alita: Battle Angel (2019) ,"A deactivated cyborg is revived, but cannot remember anything of her past life and goes on a quest to find out who she is.",7.3/10,"It's Time For Battle.                
 See more »","$170,000,000","$404,852,543"
36,Avengers: Endgame (2019) ,"After the devastating events of Avengers: Infinity War (2018), the universe is in ruins. With the help of remaining allies, the Avengers assemble once more in order to reverse Thanos' actions and restore balance to the universe.",8.4/10,"Whatever It Takes!                
 See more »","$356,000,000","$2,797,800,564"
37,Under the Silver Lake (2018) ,"Sam, a disenchanted young man, finds a mysterious woman swimming in his apartment's pool one night. The next morning, she disappears. Sam sets off across LA to find her, and along the way he uncovers a conspiracy far more bizarre.",6.5/10,What are they hiding?,"$8,500,000","$2,053,469"
38,Knives Out (2019) ,"A detective investigates the death of a patriarch of an eccentric, combative family.",7.9/10,"A Rian Johnson whodunit.                
 See more »","$40,000,000","$309,232,797"
39,Hustlers (2019) ,"Inspired by the viral New York Magazine article, Hustlers follows a crew of savvy former strip club employees who band together to turn the tables on their Wall Street clients.",6.3/10,Inspired by a True Story,"$20,000,000","$157,563,598"
40,Ford v Ferrari (2019) ,American car designer Carroll Shelby and driver Ken Miles battle corporate interference and the laws of physics to build a revolutionary race car for Ford in order to defeat Ferrari at the 24 Hours of Le Mans in 1966.,8.1/10,"They took the American dream for a ride.                
 See more »","$97,600,000","$225,508,210"
41,Crawl (2019) ,"A young woman, while attempting to save her father during a category 5 hurricane, finds herself trapped in a flooding house and must fight for her life against alligators.",6.2/10,"DANGER! Alligators are common in this area. They can be dangerous. They have been known to stalk prey. THEY WILL HUNT YOU                
 See more »","$13,500,000","$91,542,097"
42,Doctor Sleep (2019) ,"Years following the events of ""The Shining,"" a now-adult Dan Torrance must protect a young girl with similar powers from a cult known as The True Knot, who prey on children with powers to remain immortal.",7.4/10,"The World will Shine Again.                
 See more »","$45,000,000","$72,381,712"
43,Brightburn (2019) ,"What if a child from another world crash-landed on Earth, but instead of becoming a hero to mankind, he proved to be something far more sinister?",6.1/10,"Evil Has Found Its Superhero.                
 See more »","$6,000,000","$32,893,421"
44,Long Shot (2019) ,"Journalist Fred Flarsky reunites with his childhood crush, Charlotte Field, now one of the most influential women in the world. As she prepares to make a run for the Presidency, Charlotte hires Fred as her speechwriter and sparks fly.",6.8/10,"Feel something different.                
 See more »","$40,000,000","$53,873,809"
45,47 Meters Down: Uncaged (2019) ,Four teen girls diving in a ruined underwater city quickly learn they've entered the territory of the deadliest shark species in the claustrophobic labyrinth of submerged caves.,5.0/10,"Last Summer, the Greatest Predators Brought Our Deepest Fears to the Surface. Next Summer, The Fear Goes Deeper.                
 See more »","$12,000,000","$46,783,103"
46,Anna (2019) ,Beneath Anna Poliatova's striking beauty lies a secret that will unleash her indelible strength and skill to become one of the world's most feared government assassins.,6.6/10,Never Make the Weapon the Target,"EUR30,690,000","$31,329,947"
47,Hellboy (2019) ,"Based on the graphic novels by Mike Mignola, Hellboy, caught between the worlds of the supernatural and human, battles an ancient sorceress bent on revenge.",5.2/10,"Meet Your New Hero                
 See more »","$50,000,000","$44,664,690"
48,Greta (2018) ,A young woman befriends a lonely widow who's harboring a dark and deadly agenda toward her.,6.0/10,"Everyone Needs a Friend                
 See more »",N/A,"$18,653,107"
49,The Beach Bum (2019) ,A rebellious stoner named Moondog lives life by his own rules.,5.5/10,You Gotta Go Low to Get High,"$5,000,000","$4,554,416"
50,Countdown (2019) ,"When a nurse downloads an app that claims to predict the moment a person will die, it tells her she only has three days to live. With the clock ticking and a figure haunting her, she must find a way to save her life before time runs out.",5.4/10,"If you could find out exactly when you're going to die... would you want to know?                
 See more »","$6,500,000","$48,021,766"
51,Avengers: Infinity War (2018) ,The Avengers and their allies must be willing to sacrifice all in an attempt to defeat the powerful Thanos before his blitz of devastation and ruin puts an end to the universe.,8.5/10,"An entire universe. Once and for all.                
 See more »","$321,000,000","$2,048,359,754"
52,Black Panther (2018) ,"T'Challa, heir to the hidden but advanced kingdom of Wakanda, must step forward to lead his people into a new future and must confront a challenger from his country's past.",7.3/10,"The Avengers have a new king.                
 See more »","$200,000,000","$1,346,913,161"
53,Roma (2018) ,A year in the life of a middle-class family's maid in Mexico City in the early 1970s.,7.7/10,There are periods in history that scar societies and moments in life that transform us as individuals.,N/A,"$1,140,769"
54,They Shall Not Grow Old (2018) ,A documentary about World War I with never-before-seen footage to commemorate the centennial of the end of the war.,8.3/10,"A ground-breaking documentary...                
 See more »",N/A,"$20,904,188"
55,Spider-Man: Into the Spider-Verse (2018) ,"Teen Miles Morales becomes Spider-Man of his reality, crossing his path with five counterparts from other dimensions to stop a threat for all realities.",8.4/10,"What makes you different is what makes you Spider-Man.                
 See more »","$90,000,000","$375,540,831"
56,If Beale Street Could Talk (2018) ,A young woman embraces her pregnancy while she and her family set out to prove her childhood friend and lover innocent of a crime he didn't commit.,7.1/10,Trust Love All the Way,"$12,000,000","$20,596,567"
57,First Man (2018) ,"A look at the life of the astronaut, Neil Armstrong, and the legendary space mission that led him to become the first man to walk on the Moon on July 20, 1969.",7.3/10,"One giant leap into the unknown.                
 See more »","$59,000,000","$105,697,415"
58,Deadpool 2 (2018) ,"Foul-mouthed mutant mercenary Wade Wilson (a.k.a. Deadpool), brings together a team of fellow mutant rogues to protect a young boy with supernatural abilities from the brutal, time-traveling cyborg Cable.",7.7/10,"From the studio that killed Wolverine.                
 See more »","$110,000,000","$785,794,179"
59,Shoplifters (2018) ,A family of small-time crooks take in a child they find outside in the cold.,8.0/10,Sometimes you choose your family.,N/A,"$67,998,954"
60,Bohemian Rhapsody (2018) ,"The story of the legendary British rock band Queen and lead singer Freddie Mercury, leading up to their famous performance at Live Aid (1985).",8.0/10,"The music you know, the story you don't                
 See more »","$52,000,000","$903,655,259"
61,Vice (2018) ,"The story of Dick Cheney, an unassuming bureaucratic Washington insider, who quietly wielded immense power as Vice President to George W. Bush, reshaping the country and the globe in ways that we still feel today.",7.2/10,"Power is one hell of a vice                
 See more »","$60,000,000","$76,073,488"
62,Green Book (2018) ,A working-class Italian-American bouncer becomes the driver of an African-American classical pianist on a tour of venues through the 1960s American South.,8.2/10,Inspired by a True Friendship,"$23,000,000","$327,909,440"
63,Eighth Grade (2018) ,An introverted teenage girl tries to survive the last week of her disastrous eighth grade year before leaving to start high school.,7.4/10,Based on the most awkward year of your life,"$2,000,000","$14,347,433"
64,Minding the Gap (2018) ,"Three young men bond together to escape volatile families in their Rust-Belt hometown. As they face adult responsibilities, unexpected revelations threaten their decade-long friendship.",8.1/10,N/A,N/A,"$90,328"
65,Isle of Dogs (2018) ,"Set in Japan, Isle of Dogs follows a boy's odyssey in search of his lost dog.",7.9/10,N/A,N/A,"$64,241,499"
66,Mission: Impossible - Fallout (2018) ,"Ethan Hunt and his IMF team, along with some familiar allies, race against time after a mission gone wrong.",7.7/10,Some missions are not a choice.,"$178,000,000","$791,115,104"
67,The Favourite (2018) ,"In early 18th century England, a frail Queen Anne occupies the throne and her close friend, Lady Sarah, governs the country in her stead. When a new servant, Abigail, arrives, her charm endears her to Sarah.",7.6/10,N/A,"$15,000,000","$95,918,706"
68,The Tale (2018) ,A woman filming a documentary on childhood rape victims starts to question the nature of her childhood relationship with her riding instructor and running coach.,7.2/10,N/A,N/A,N/A
69,BlacKkKlansman (2018) ,"Ron Stallworth, an African American police officer from Colorado Springs, CO, successfully manages to infiltrate the local Ku Klux Klan branch with the help of a Jewish surrogate who eventually becomes its leader. Based on actual events.",7.5/10,"Based on a true story.                
 See more »","$15,000,000","$93,400,823"
70,Ralph Breaks the Internet (2018) ,"Six years after the events of ""Wreck-It Ralph,"" Ralph and Vanellope, now friends, discover a wi-fi router in their arcade, leading them into a new adventure.",7.1/10,Who broke the internet?,"$175,000,000","$529,323,962"
71,Cold War (2018) ,"In the 1950s, a music director falls in love with a singer and tries to persuade her to flee communist Poland for France.",7.6/10,Love has no borders.,"EUR4,300,000","$20,523,431"
72,The Death of Stalin (2017) ,"Moscow, 1953. After being in power for nearly thirty years, Soviet dictator Joseph Vissarionovich Stalin (Adrian McLoughlin) takes ill and quickly dies. Now the members of the Council of Ministers scramble for power.",7.2/10,"In the Kremlin, no one can hear you scheme.                
 See more »","$13,000,000","$24,646,055"
73,Ready Player One (2018) ,"When the creator of a virtual reality called the OASIS dies, he makes a posthumous challenge to all OASIS users to find his Easter Egg, which will give the finder his fortune and control of his world.",7.5/10,"A better reality awaits.                
 See more »","$175,000,000","$582,890,172"
74,A Star Is Born (2018) ,A musician helps a young singer find fame as age and alcoholism send his own career into a downward spiral.,7.7/10,N/A,"$36,000,000","$436,188,866"
75,Mirai (2018) ,"A young boy encounters a magical garden which enables him to travel through time and meet his relatives from different eras, with guidance by his younger sister from the future.",7.0/10,"...a daringly original story of love passed down through generations.                
 See more »",N/A,"$27,526,961"
76,Sorry to Bother You (2018) ,"In an alternate present-day version of Oakland, telemarketer Cassius Green discovers a magical key to professional success, propelling him into a universe of greed.",6.9/10,N/A,"$3,200,000","$18,170,707"
77,Widows (2018) ,"Set in contemporary Chicago, amid a time of turmoil, four women with nothing in common except a debt left behind by their dead husbands' criminal activities, take fate into their own hands, and conspire to forge a future on their own terms.",6.9/10,Left with nothing. Capable of anything.,"$42,000,000","$75,984,700"
78,A Quiet Place (2018) ,"In a post-apocalyptic world, a family is forced to live in silence while hiding from monsters with ultra-sensitive hearing.",7.5/10,"If they hear you, they hunt you.                
 See more »","$17,000,000","$340,939,361"
79,Burning (2018) ,"Jong-su bumps into a girl who used to live in the same neighborhood, who asks him to look after her cat while she's on a trip to Africa. When back, she introduces Ben, a mysterious guy she met there, who confesses his secret hobby.",7.5/10,"The truth is all in your head.                
 See more »",N/A,"$7,566,962"
80,Andhadhun (2018) ,"A series of mysterious events change the life of a blind pianist, who must now report a crime that he should technically know nothing of.",8.3/10,N/A,"$4,500,000","$49,391,206"
81,Shirkers (2018) ,A woman explores the events surrounding a film she and her friends began making with a mysterious stranger decades ago.,7.4/10,N/A,N/A,N/A
82,On My Skin: The Last Seven Days of Stefano Cucchi (2018) ,"The incredible true story behind the most controversial Italian court cases in recent years. Stefano Cucchi was arrested for a minor crime but in just one week's time, a family is changed forever.",7.3/10,N/A,N/A,"$657,690"
83,Crime + Punishment (2018) ,A group of brave NYPD officers risk it all to expose the truth about illegal quota practices in police departments.,7.4/10,N/A,N/A,"$18,644"
84,RBG (2018) ,"The exceptional life and career of U.S. Supreme Court Justice Ruth Bader Ginsburg, who has developed a breathtaking legal legacy while becoming an unexpected pop culture icon.",7.5/10,Hero. Icon. Dissenter.,N/A,"$14,441,292"
85,Western (2017) ,"German construction workers building a dam near a Bulgarian village interact with the locals, and soon the troubles arise both with the locals and among themselves.",7.0/10,N/A,"EUR1,800,000","$155,215"
86,The Ballad of Buster Scruggs (2018) ,"Six tales of life and violence in the Old West, following a singing gunslinger, a bank robber, a traveling impresario, an elderly prospector, a wagon train, and a perverse pair of bounty hunters.",7.3/10,"Stories live forever. People don't.                
 See more »",N/A,N/A
87,Creed II (2018) ,"Under the tutelage of Rocky Balboa, newly crowned heavyweight champion Adonis Creed faces off against Viktor Drago, the son of Ivan Drago.",7.1/10,"East vs. West                
 See more »","$50,000,000","$214,215,889"
88,Crazy Rich Asians (2018) ,"This contemporary romantic comedy, based on a global bestseller, follows native New Yorker Rachel Chu to Singapore to meet her boyfriend's family.",6.9/10,The only thing crazier than love is family,"$30,000,000","$238,532,921"
89,First Reformed (2017) ,"A minister of a small congregation in upstate New York grapples with mounting despair brought on by tragedy, worldly concerns and a tormented past.",7.1/10,"The kingdom come undone.                
 See more »",N/A,"$3,862,498"
90,Can You Ever Forgive Me? (2018) ,"When Lee Israel falls out of step with current tastes, she turns her art form to deception.",7.1/10,Her greatest work will be her biggest crime.,"$10,000,000","$12,442,161"
91,The Rider (2017) ,"After suffering a near fatal head injury, a young cowboy undertakes a search for new identity and what it means to be a man in the heartland of America.",7.4/10,N/A,N/A,"$3,434,963"
92,Aquaman (2018) ,"Arthur Curry (Jason Momoa), the human-born heir to the underwater kingdom of Atlantis, goes on a quest to prevent a war between the worlds of ocean and land.",7.0/10,"A tide is coming.                
 See more »","$160,000,000","$1,148,461,807"
93,Upgrade (2018) ,"Set in the near-future, technology controls nearly all aspects of life. But when Grey, a self-labelled technophobe's world's turned upside down, his only hope for revenge is an experimental computer chip implant.",7.5/10,Not Man. Not Machine. More.,"$5,000,000","$16,593,554"
94,Incredibles 2 (2018) ,"The Incredibles hero family takes on a new mission, which involves a change in family roles: Bob Parr (Mr Incredible) must manage the house while his wife Helen (Elastigirl) goes out to save the world.",7.6/10,"Almost ready.                
 See more »","$200,000,000","$1,242,805,359"
95,Happy as Lazzaro (2018) ,An unceasingly kind Italian peasant and his family are blatantly exploited by a tobacco baroness.,7.6/10,N/A,N/A,"$1,802,696"
96,Sweet Country (2017) ,"Australian western set on the Northern Territory frontier in the 1920s, where justice itself is put on trial when an aged Aboriginal farmhand shoots a white man in self-defense and goes on the run as a posse gathers to hunt him down.",6.9/10,"Justice seen to be done just isn't enough.                
 See more »",N/A,"$1,847,693"
97,Hereditary (2018) ,A grieving family is haunted by tragic and disturbing occurrences.,7.3/10,"Evil runs in the family.                
 See more »","$10,000,000","$80,239,658"
98,Annihilation (2018) ,"A biologist signs up for a dangerous, secret expedition into a mysterious zone where the laws of nature don't apply.",6.9/10,"One way in. No way out.                
 See more »","$40,000,000","$43,070,915"
99,The Endless (2017) ,"As kids, they escaped a UFO death cult. Now, two adult brothers seek answers after an old videotape surfaces and brings them back to where they began.",6.5/10,Time is a prison.,N/A,"$956,425"
100,Venom (2018) ,"A failed reporter is bonded to an alien entity, one of many symbiotes who have invaded Earth. But the being takes a liking to Earth and decides to protect it.",6.7/10,"We Are...                
 See more »","$100,000,000","$856,085,151"
101,"Three Billboards Outside Ebbing, Missouri (2017) ",A mother personally challenges the local authorities to solve her daughter's murder when they fail to catch the culprit.,8.2/10,N/A,"$15,000,000","$160,192,031"
102,Get Out (2017) ,"A young African-American visits his white girlfriend's parents for the weekend, where his simmering uneasiness about their reception of him eventually reaches a boiling point.",7.7/10,"A brilliantly crafted thriller!                
 See more »","$4,500,000","$255,413,717"
103,The Florida Project (2017) ,"Set over one summer, the film follows precocious six-year-old Moonee as she courts mischief and adventure with her ragtag playmates and bonds with her rebellious but caring mother, all while living in the shadows of Walt Disney World.",7.6/10,"Find Your Kingdom.                
 See more »","$2,000,000","$10,971,298"
104,John Wick: Chapter 2 (2017) ,"After returning to the criminal underworld to repay a debt, John Wick discovers that a large bounty has been put on his life.",7.5/10,"Never stab the devil in the back                
 See more »","$40,000,000","$171,539,887"
105,Lady Bird (2017) ,"In 2002, an artistically inclined seventeen-year-old girl comes of age in Sacramento, California.",7.4/10,"Time to Fly.                
 See more »","$10,000,000","$78,965,611"
106,The Shape of Water (2017) ,"At a top secret research facility in the 1960s, a lonely janitor forms a unique relationship with an amphibious creature that is being held in captivity.",7.3/10,"A Fairy Tale for Troubled Times                
 See more »","$19,400,000","$195,333,312"
107,Mother! (2017) ,"A couple's relationship is tested when uninvited guests arrive at their home, disrupting their tranquil existence.",6.6/10,seeing is believing,"$30,000,000","$44,516,999"
108,Good Time (2017) ,"After a botched bank robbery lands his younger brother in prison, Connie Nikas embarks on a twisted odyssey through New York City's underworld to get his brother Nick out of jail.",7.4/10,Are you ready for a Good Time?,"$4,500,000","$3,283,369"
109,Split (2016) ,Three girls are kidnapped by a man with a diagnosed 23 distinct personalities. They must try to escape before the apparent emergence of a frightful new 24th.,7.3/10,Kevin has 23 distinct personalities. The 24th is about to be unleashed.,"$9,000,000","$278,454,358"
110,Logan (2017) ,"In a future where mutants are nearly extinct, an elderly and weary Logan leads a quiet life. But when Laura, a mutant child pursued by scientists, comes to him for help, he must get her to safety.",8.1/10,"His time has come                
 See more »","$97,000,000","$619,021,436"
111,Call Me by Your Name (2017) ,"In 1980s Italy, romance blossoms between a seventeen-year-old student and the older man hired as his father's research assistant.",7.9/10,Is it better to speak or die?,"EUR4,000,000","$41,887,595"
112,Brawl in Cell Block 99 (2017) ,A former boxer-turned-drug runner lands in a prison battleground after a deal gets deadly.,7.1/10,N/A,N/A,"$64,453"
113,Star Wars: Episode VIII - The Last Jedi (2017) ,"Rey develops her newly discovered abilities with the guidance of Luke Skywalker, who is unsettled by the strength of her powers. Meanwhile, the Resistance prepares for battle with the First Order.",7.0/10,"Light Years Ahead. Discover Dolby Cinema.                
 See more »","$317,000,000","$1,332,539,889"
114,The Disaster Artist (2017) ,"When Greg Sestero, an aspiring film actor, meets the weird and mysterious Tommy Wiseau in an acting class, they form a unique friendship and travel to Hollywood to make their dreams come true.",7.4/10,N/A,"$10,000,000","$29,820,616"
115,Blade Runner 2049 (2017) ,"Young Blade Runner K's discovery of a long-buried secret leads him to track down former Blade Runner Rick Deckard, who's been missing for thirty years.",8.0/10,The key to the future is finally unearthed.,"$150,000,000","$259,239,658"
116,War for the Planet of the Apes (2017) ,"After the apes suffer unimaginable losses, Caesar wrestles with his darker instincts and begins his own mythic quest to avenge his kind.",7.4/10,For freedom. For family. For the planet.,"$150,000,000","$490,719,763"
117,Thor: Ragnarok (2017) ,"Imprisoned on the planet Sakaar, Thor must race against time to return to Asgard and stop Ragnarök, the destruction of his world, at the hands of the powerful and ruthless villain Hela.",7.9/10,"No Hammer. No Problem.                
 See more »","$180,000,000","$853,977,126"
118,Baby Driver (2017) ,"After being coerced into working for a crime boss, a young getaway driver finds himself taking part in a heist doomed to fail.",7.6/10,"This year, volume up, pedal down.                
 See more »","$34,000,000","$226,945,087"
119,Logan Lucky (2017) ,Two brothers attempt to pull off a heist during a NASCAR race in North Carolina.,7.0/10,"They're on track for the biggest steal of their lives.                
 See more »","$29,000,000","$48,453,605"
120,Detroit (2017) ,Fact-based drama set during the 1967 Detroit riots in which a group of rogue police officers respond to a complaint with retribution rather than justice on their minds.,7.3/10,"Now More Than Ever.                
 See more »","$34,000,000","$23,355,100"
121,Ingrid Goes West (2017) ,An unhinged social media stalker moves to LA and insinuates herself into the life of an Instagram star.,6.6/10,She'll Follow You,N/A,"$3,146,831"
122,American Made (2017) ,"The story of Barry Seal, an American pilot who became a drug-runner for the CIA in the 1980s in a clandestine operation that would be exposed as the Iran-Contra Affair.",7.1/10,"The CIA. The White House. Pablo Escobar. One Man Played Them All.                
 See more »","$50,000,000","$134,866,593"
123,Dunkirk (2017) ,"Allied soldiers from Belgium, the British Empire, and France are surrounded by the German Army, and evacuated during a fierce battle in World War II.",7.9/10,"Surrounded.                
 See more »","$100,000,000","$526,940,665"
124,"I, Tonya (2017) ","Competitive ice skater Tonya Harding rises amongst the ranks at the U.S. Figure Skating Championships, but her future in the activity is thrown into doubt when her ex-husband intervenes.",7.5/10,"Fitting in is overrated                
 See more »","$11,000,000","$53,939,297"
125,Wind River (2017) ,A veteran hunter helps an FBI agent investigate the murder of a young woman on a Wyoming Native American reservation.,7.7/10,"An engaging thriller from the writer of Sicario and Hell Or High Water and the producer of Lone Survivor.                
 See more »","$11,000,000","$43,980,821"
126,Spider-Man: Homecoming (2017) ,"Peter Parker balances his life as an ordinary high school student in Queens with his superhero alter-ego Spider-Man, and finds himself on the trail of a new menace prowling the skies of New York City.",7.4/10,Homework can wait. The city can't.,"$175,000,000","$880,166,924"
127,The Big Sick (2017) ,"Pakistan-born comedian Kumail Nanjiani and grad student Emily Gardner fall in love but struggle as their cultures clash. When Emily contracts a mysterious illness, Kumail finds himself forced to face her feisty parents, his family's expectations, and his true feelings.",7.5/10,An Awkward True Story,"$5,000,000","$56,411,585"
128,Jumanji: Welcome to the Jungle (2017) ,"Four teenagers are sucked into a magical video game, and the only way they can escape is to work together to finish the game.",6.9/10,"Landing This Christmas.                
 See more »","$90,000,000","$962,102,237"
129,Colossal (2016) ,"Gloria is an out-of-work party girl forced to leave her life in New York City and move back home. When reports surface that a giant creature is destroying Seoul, she gradually comes to the realization that she is somehow connected to this phenomenon.",6.2/10,"An Uncontrollable Monster.                
 See more »","$15,000,000","$4,531,320"
130,Wonder (2017) ,"Based on the New York Times bestseller, this movie tells the incredibly inspiring and heartwarming story of August Pullman, a boy with facial differences who enters the fifth grade, attending a mainstream elementary school for the first time.",8.0/10,"Who Gives You the Courage to Face the World?                
 See more »","$20,000,000","$305,937,718"
131,The Killing of a Sacred Deer (2017) ,"Steven, a charismatic surgeon, is forced to make an unthinkable sacrifice after his life starts to fall apart, when the behavior of a teenage boy he has taken under his wing turns sinister.",7.0/10,N/A,N/A,"$7,027,336"
132,The Meyerowitz Stories (2017) ,An estranged family gathers together in New York City for an event celebrating the artistic work of their father.,6.9/10,N/A,N/A,N/A
133,Battle of the Sexes (2017) ,The true story of the 1973 tennis match between World number one Billie Jean King and ex-champ and serial hustler Bobby Riggs.,6.7/10,He made a bet. She made history.,"$25,000,000","$18,598,607"
134,War Machine (2017) ,"An idiosyncratic general confronts opposition from enemies, allies, and bureaucrats while leading a massive rebuilding operation in Afghanistan.",6.0/10,"We're gonna liberate the shit out of you.                
 See more »","$60,000,000",N/A
135,The Beguiled (2017) ,The unexpected arrival of a wounded Union soldier at a girls school in Virginia during the American Civil War leads to jealousy and betrayal.,6.3/10,"Innocent, until betrayed.","$10,500,000","$27,869,129"
136,It (2017) ,"In the summer of 1989, a group of bullied kids band together to destroy a shape-shifting monster, which disguises itself as a clown and preys on the children of Derry, their small Maine town.",7.3/10,"You'll float too.                
 See more »","$35,000,000","$701,796,444"
137,Brad's Status (2017) ,A father takes his son to tour colleges on the East Coast and meets up with an old friend who makes him feel inferior about his life's choices.,6.5/10,The success you've been searching for may be right next to you.,N/A,"$3,816,527"
138,Stronger (2017) ,"Stronger is the inspiring real life story of Jeff Bauman, an ordinary man who captured the hearts of his city and the world to become a symbol of hope after surviving the 2013 Boston Marathon bombing.",6.9/10,"Loss changes us. Tragedy tests us. Strength defines us.                
 See more »","$30,000,000","$8,503,658"
139,Patti Cake$ (2017) ,"PATTI CAKE$ is centered on aspiring rapper Patricia Dombrowski, a.k.a. Killa P, a.k.a. Patti Cake$, who is fighting an unlikely quest for glory in her downtrodden hometown in New Jersey.",6.8/10,N/A,N/A,"$1,482,356"
140,Guardians of the Galaxy Vol. 2 (2017) ,"The Guardians struggle to keep together as a team while dealing with their personal family issues, notably Star-Lord's encounter with his father the ambitious celestial being Ego.",7.6/10,"This summer, the galaxy won't save itself.                
 See more »","$200,000,000","$863,756,051"
141,The Lego Batman Movie (2017) ,"A cooler-than-ever Bruce Wayne must deal with the usual suspects as they plan to rule Gotham City, while discovering that he has accidentally adopted a teenage orphan who wishes to become his sidekick.",7.3/10,"He's Rogue Too                
 See more »","$80,000,000","$311,950,384"
142,Atomic Blonde (2017) ,An undercover MI6 agent is sent to Berlin during the Cold War to investigate the murder of a fellow agent and recover a missing list of double agents.,6.7/10,Talents can be overrated.,"$30,000,000","$100,014,025"
143,Wakefield (2016) ,"Bryan Cranston gives the performance of a lifetime as Howard Wakefield, a lawyer on the edge of madness who has decided to disassociate himself from his own life.",6.3/10,What would your life be like without you?,N/A,"$798,214"
144,Beauty and the Beast (2017) ,"A selfish Prince is cursed to become a monster for the rest of his life, unless he learns to fall in love with a beautiful young woman he keeps prisoner.",7.1/10,"Be our guest.                
 See more »","$160,000,000","$1,263,521,126"
145,Brigsby Bear (2017) ,"After being freed from his life in an underground bunker, a man sets out to make a movie of the only TV show he has ever known.",7.3/10,N/A,N/A,"$681,632"
146,Kong: Skull Island (2017) ,"After the Vietnam war, a team of scientists explores an uncharted island in the Pacific, venturing into the domain of the mighty Kong, and must fight to escape a primal Eden.",6.6/10,"Awaken the King                
 See more »","$185,000,000","$566,652,812"
147,Alien: Covenant (2017) ,"The crew of a colony ship, bound for a remote planet, discover an uncharted paradise with a threat beyond their imagination, and must attempt a harrowing escape.",6.4/10,"The Beginning of a Nightmare.                
 See more »","$97,000,000","$240,891,763"
148,Goodbye Christopher Robin (2017) ,"The relationship between writer AA Milne and his son, Christopher Robin, and how this became the inspiration for Winnie the Pooh.",7.1/10,"From a child's imagination to a worldwide phenomenon.                
 See more »",N/A,"$7,401,949"
149,Victoria & Abdul (2017) ,Queen Victoria strikes up an unlikely friendship with a young Indian clerk named Abdul Karim.,6.8/10,"Based on an extraordinary true story.                
 See more »","$21,000,000","$66,558,465"
150,Suburbicon (2017) ,"As a 1950s suburban community self-destructs, a home invasion has sinister consequences for one seemingly normal family.",5.7/10,"Director George Clooney takes you to the dark side of suburbia...                
 See more »","$25,000,000","$12,751,667"
151,Captain Fantastic (2016) ,"In the forests of the Pacific Northwest, a father devoted to raising his six kids with a rigorous physical and intellectual education is forced to leave his paradise and enter the world, challenging his idea of what it means to be a parent.",7.9/10,"Family values. Power to the people. Stick it to the man.                
 See more »",N/A,"$22,787,526"
152,La La Land (2016) ,"While navigating their careers in Los Angeles, a pianist and an actress fall in love while attempting to reconcile their aspirations for the future.",8.0/10,Here's to the fools who dream.,"$30,000,000","$446,486,224"
153,Hacksaw Ridge (2016) ,"World War II American Army Medic Desmond T. Doss, who served during the Battle of Okinawa, refuses to kill people, and becomes the first man in American history to receive the Medal of Honor without firing a shot.",8.1/10,"Based on the incredible true story.                
 See more »","$40,000,000","$180,450,918"
154,Lion (2016) ,"A five-year-old Indian boy is adopted by an Australian couple after getting lost hundreds of kilometers from home. 25 years later, he sets out to find his lost family.",8.0/10,"The search begins                
 See more »","$12,000,000","$140,312,928"
155,Hell or High Water (2016) ,A divorced father and his ex-con older brother resort to a desperate scheme in order to save their family's ranch in West Texas.,7.6/10,"....not the way it woulda gone little brother.                
 See more »","$12,000,000","$37,879,877"
156,The Witch (2015) ,"A family in 1630s New England is torn apart by the forces of witchcraft, black magic, and possession.",6.9/10,"A New-England Folktale.                
 See more »","$4,000,000","$40,423,945"
157,The Jungle Book (2016) ,"After a threat from the tiger Shere Khan forces him to flee the jungle, a man-cub named Mowgli embarks on a journey of self discovery with the help of panther Bagheera and free-spirited bear Baloo.",7.4/10,The legend will never be the same.,"$175,000,000","$966,550,600"
158,Deadpool (2016) ,"A wisecracking mercenary gets experimented on and becomes immortal but ugly, and sets out to track down the man who ruined his looks.",8.0/10,"Bad ass. Smart ass. Great ass.                
 See more »","$58,000,000","$782,612,155"
159,Moonlight (2016) ,"A young African-American man grapples with his identity and sexuality while experiencing the everyday struggles of childhood, adolescence, and burgeoning adulthood.",7.4/10,This is the story of a lifetime.,"$4,000,000","$65,336,603"
160,Other People (2016) ,"A struggling comedy writer, fresh off a breakup and in the midst of the worst year of his life, returns to Sacramento to care for his dying mother.",6.8/10,N/A,N/A,"$91,441"
161,Zootopia (2016) ,"In a city of anthropomorphic animals, a rookie bunny cop and a cynical con artist fox must work together to uncover a conspiracy.",8.0/10,Welcome to the urban jungle.,"$150,000,000","$1,023,784,195"
162,Nocturnal Animals (2016) ,"A wealthy art gallery owner is haunted by her ex-husband's novel, a violent thriller she interprets as a symbolic revenge tale.",7.5/10,When you love someone you can't just throw it away,"$22,500,000","$30,311,857"
163,Train to Busan (2016) ,"While a zombie virus breaks out in South Korea, passengers struggle to survive on the train from Seoul to Busan.",7.5/10,"Life-or-death survival begins                
 See more »","KRW10,000,000,000","$92,688,375"
164,Don't Breathe (2016) ,"Hoping to walk away with a massive fortune, a trio of thieves break into the house of a blind man who isn't as helpless as he seems.",7.1/10,This house looked like an easy target. Until they found what was inside.,"$9,900,000","$157,830,487"
165,Sing Street (2016) ,A boy growing up in Dublin during the 1980s escapes his strained family life by starting a band to impress the mysterious girl he likes.,7.9/10,Boy meets girl. Girl unimpressed. Boy starts band.,N/A,"$13,624,522"
166,Doctor Strange (2016) ,"While on a journey of physical and spiritual healing, a brilliant neurosurgeon is drawn into the world of the mystic arts.",7.5/10,"Open your mind. Change your reality.                
 See more »","$165,000,000","$677,718,395"
167,The Conjuring 2 (2016) ,Ed and Lorraine Warren travel to North London to help a single mother raising 4 children alone in a house plagued by a supernatural spirit.,7.3/10,The next true story from the case files of Ed and Lorraine Warren,"$40,000,000","$320,392,818"
168,The Distinguished Citizen (2016) ,"A recipient of the Nobel Prize for Literature, who has been living in Europe for decades, accepts an invitation to receive a prize. In Argentina he finds both similarities and irreconcilable differences with the people of his hometown.",7.5/10,N/A,N/A,"$4,525,656"
169,Your Name. (2016) ,"Two strangers find themselves linked in a bizarre way. When a connection forms, will distance be the only thing to keep them apart?",8.4/10,"Experience Japan's #1 film of 2016, from visionary director Makoto Shinkai                
 See more »","JPY370,000,000","$358,922,706"
170,Miss Peregrine's Home for Peculiar Children (2016) ,"When Jacob (Asa Butterfield) discovers clues to a mystery that stretches across time, he finds Miss Peregrine's Home for Peculiar Children. But the danger deepens after he gets to know the residents and learns about their special powers.",6.7/10,"Embrace the peculiar.                
 See more »","$110,000,000","$296,482,446"
171,Eddie the Eagle (2015) ,"The story of Eddie Edwards, the notoriously tenacious British underdog ski jumper who charmed the world at the 1988 Winter Olympics.",7.4/10,"Win or lose, always aim high                
 See more »","$23,000,000","$46,152,800"
172,Elle (2016) ,A successful businesswoman gets caught up in a game of cat and mouse as she tracks down the unknown man who raped her.,7.1/10,"Electrifying... Utterly Gripping!                
 See more »","EUR9,000,000","$12,748,594"
173,Julieta (2016) ,"After a casual encounter, a brokenhearted woman decides to confront her life and the most important events about her stranded daughter.",7.1/10,N/A,"EUR1,350,000","$22,468,044"
174,Manchester by the Sea (2016) ,A depressed uncle is asked to take care of his teenage nephew after the boy's father dies.,7.8/10,"Breathtaking... A truly incredible piece of cinema!                
 See more »","$9,000,000","$78,988,148"
175,10 Cloverfield Lane (2016) ,"After getting in a car accident, a woman is held in a shelter with two men, who claim the outside world is affected by a widespread chemical attack.",7.2/10,"Outside is dangerous... inside is terrifying.                
 See more »","$15,000,000","$110,216,998"
176,Hidden Figures (2016) ,The story of a team of female African-American mathematicians who served a vital role in NASA during the early years of the U.S. space program.,7.8/10,"They wanted a chance to change their lives, but they got a chance to change history.                
 See more »","$25,000,000","$235,956,898"
177,Florence Foster Jenkins (2016) ,"The story of Florence Foster Jenkins, a New York heiress who dreamed of becoming an opera singer, despite having a terrible singing voice.",6.8/10,"Every voice deserves to be heard.                
 See more »","$29,000,000","$49,052,787"
178,The Invisible Guest (2016) ,A successful entrepreneur accused of murder and a witness preparation expert have less than three hours to come up with an impregnable defence.,8.1/10,"Every story has two sides. The truth, only one.","EUR4,000,000","$31,191,910"
179,Deepwater Horizon (2016) ,"A dramatization of the disaster in April 2010, when the offshore drilling rig called the Deepwater Horizon exploded, resulting in the worst oil spill in American history.",7.1/10,"When faced with our darkest hour, hope is not a tactic                
 See more »","$110,000,000","$121,790,373"
180,The Edge of Seventeen (2016) ,"High-school life gets even more unbearable for Nadine when her best friend, Krista, starts dating her older brother.",7.3/10,You're only young once... is it over yet?,"$9,000,000","$19,370,020"
181,The Magnificent Seven (2016) ,Seven gunmen from a variety of backgrounds are brought together by a vengeful young widow to protect her town from the private army of a destructive industrialist.,6.9/10,Justice has a number.,"$90,000,000","$162,360,636"
182,The Shallows (2016) ,"A mere 200 yards from shore, surfer Nancy is attacked by a great white shark, with her short journey to safety becoming the ultimate contest of wills.",6.3/10,"Plan your getaway.                
 See more »","$17,000,000","$119,100,758"
183,X-Men: Apocalypse (2016) ,"In the 1980s the X-Men must defeat an ancient all-powerful mutant, En Sabah Nur, who intends to thrive through bringing destruction to the world.",6.9/10,"Destroy                
 See more »","$178,000,000","$543,934,105"
184,Hush (2016) ,A deaf and mute writer who retreated into the woods to live a solitary life must fight for her life in silence when a masked killer appears at her window.,6.6/10,Silence can be killer.,"$1,000,000",N/A
185,Captain America: Civil War (2016) ,Political involvement in the Avengers' affairs causes a rift between Captain America and Iron Man.,7.8/10,"Whose side are you on?                
 See more »","$250,000,000","$1,153,296,293"
186,¿Qué culpa tiene el niño? (2016) ,"Maru, after becoming pregnant from a drunken one night stand with a immature young unemployed bachelor, is determined to follow tradition and marry him anyways.",6.6/10,N/A,N/A,"$14,490,880"
187,War Dogs (2016) ,"Loosely based on the true story of two young men, David Packouz and Efraim Diveroli, who won a three hundred million dollar contract from the Pentagon to arm America's allies in Afghanistan.",7.1/10,"Hustling their way to the American Dream                
 See more »","$40,000,000","$86,234,523"
188,A Monster Calls (2016) ,A boy seeks the help of a tree monster to cope with his single mother's terminal illness.,7.5/10,"Courage conquers all.                
 See more »","$43,000,000","$47,309,313"
189,"I, Daniel Blake (2016) ","After having suffered a heart-attack, a 59-year-old carpenter must fight the bureaucratic forces of the system in order to receive Employment and Support Allowance.",7.9/10,"Intensely Moving and Utterly Heartbreaking!                
 See more »",N/A,"$15,793,051"
190,Lights Out (2016) ,"Rebecca must unlock the terror behind her little brother's experiences that once tested her sanity, bringing her face to face with a supernatural spirit attached to their mother.",6.3/10,"You were right to be afraid of the dark.                
 See more »","$4,900,000","$148,868,835"
191,The Innocents (2016) ,"1945. Mathilde is a French Red Cross doctor working on a mission to help the French survivors of the German camps. While she works in Poland, she is asked for help by a nun. In her convent, several nuns got pregnant.",7.3/10,"Powerful and moving. Examines every moral crevice of an unthinkable scenario.                
 See more »","EUR6,000,000","$7,400,324"
192,Rogue One: A Star Wars Story (2016) ,The daughter of an Imperial scientist joins the Rebel Alliance in a risky move to steal the Death Star plans.,7.8/10,"A rebellion built on hope.                
 See more »","$200,000,000","$1,056,057,273"
193,13 Hours (2016) ,"During an attack on a U.S. compound in Libya, a security team struggles to make sense out of the chaos.",7.3/10,"In 2012, the threat level in Benghazi, Libya was deemed ""critical"". When everything went wrong, six men had the courage to do what was right.                
 See more »","$50,000,000","$69,411,370"
194,Fantastic Beasts and Where to Find Them (2016) ,The adventures of writer Newt Scamander in New York's secret community of witches and wizards seventy years before Harry Potter reads his book in school.,7.3/10,"Explore a new era of the wizarding world before Harry Potter.                
 See more »","$180,000,000","$814,037,575"
195,The Boy (2016) ,"An American nanny is shocked that her new English family's boy is actually a life-sized doll. After she violates a list of strict rules, disturbing events make her believe that the doll is really alive.",6.0/10,"Every child needs to feel loved.                
 See more »","$10,000,000","$74,136,180"
196,The Nice Guys (2016) ,"In 1970s Los Angeles, a mismatched pair of private eyes investigate a missing girl and the mysterious death of a porn star.",7.4/10,"Nice pair                
 See more »","$50,000,000","$62,788,218"
197,Kubo and the Two Strings (2016) ,A young boy named Kubo must locate a magical suit of armour worn by his late father in order to defeat a vengeful spirit from the past.,7.8/10,"Be bold. Be brave. Be epic                
 See more »","$60,000,000","$76,249,438"
198,Little Men (2016) ,A new pair of best friends have their bond tested by their parents' battle over a dress shop lease.,6.7/10,Be on each other's side.,"$2,000,000","$2,008,649"
199,American Honey (2016) ,"A teenage girl with nothing to lose joins a traveling magazine sales crew, and gets caught up in a whirlwind of hard partying, law bending and young love as she criss-crosses the Midwest with a band of misfits.",7.0/10,"Wild and astonishing! An indelible epic of the open road!                
 See more »",N/A,"$2,290,649"
200,The Founder (2016) ,"The story of Ray Kroc, a salesman who turned two brothers' innovative fast food eatery, McDonald's, into the biggest restaurant business in the world, with a combination of ambition, persistence, and ruthlessness.",7.2/10,"Based on the true story                
 See more »","$25,000,000","$24,121,245"
201,Brooklyn (2015) ,"An Irish immigrant lands in 1950s Brooklyn, where she quickly falls into a romance with a local. When her past catches up with her, however, she must choose between two countries and the lives that exist within.",7.5/10,"Two countries, two loves, one heart.","$11,000,000","$62,076,141"
202,The Big Short (2015) ,In 2006-2007 a group of investors bet against the US mortgage market. In their research they discover how flawed and corrupt the market is.,7.8/10,"Shocking, powerful, unbelievable, and it's true                
 See more »","$28,000,000","$133,440,870"
203,Mad Max: Fury Road (2015) ,"In a post-apocalyptic wasteland, a woman rebels against a tyrannical ruler in search for her homeland with the aid of a group of female prisoners, a psychotic worshiper, and a drifter named Max.",8.1/10,"Only the mad survive.                
 See more »","$150,000,000","$375,209,362"
204,Sicario (2015) ,An idealistic FBI agent is enlisted by a government task force to aid in the escalating war against drugs at the border area between the U.S. and Mexico.,7.6/10,The border is just another line to cross.,"$30,000,000","$84,872,444"
205,When Marnie Was There (2014) ,"Due to 12 y.o. Anna's asthma, she's sent to stay with relatives of her guardian in the Japanese countryside. She likes to be alone, sketching. She befriends Marnie. Who is the mysterious, blonde Marnie.",7.7/10,"Promise we'll remain a secret, forever.",N/A,"$34,949,567"
206,The Martian (2015) ,"An astronaut becomes stranded on Mars after his team assume him dead, and must rely on his ingenuity to find a way to signal to Earth that he is alive.",8.0/10,"Help is only 140 million miles away                
 See more »","$108,000,000","$630,161,890"
207,The Revenant (2015) ,A frontiersman on a fur trading expedition in the 1820s fights for survival after being mauled by a bear and left for dead by members of his own hunting team.,8.0/10,"(n. One who has returned, as if from the dead.)                
 See more »","$135,000,000","$532,950,503"
208,Anomalisa (2015) ,A man crippled by the mundanity of his life experiences something out of the ordinary.,7.3/10,Welcome to the Kaufman surreal-neorealism tale in a dull world of sameness.,"$8,000,000","$5,659,286"
209,Spotlight (2015) ,"The true story of how the Boston Globe uncovered the massive scandal of child molestation and cover-up within the local Catholic Archdiocese, shaking the entire Catholic Church to its core.",8.1/10,"The true story behind the scandal that shook the world.                
 See more »","$20,000,000","$98,690,254"
210,Room (2015) ,"Held captive for 7 years in an enclosed space, a woman and her young son finally gain their freedom, allowing the boy to experience the outside world for the first time.",8.1/10,"Love knows no boundaries                
 See more »","$13,000,000","$35,401,758"
211,Inside Out (2015) ,"After young Riley is uprooted from her Midwest life and moved to San Francisco, her emotions - Joy, Fear, Anger, Disgust and Sadness - conflict on how best to navigate a new city, house, and school.",8.2/10,"Meet the little voices inside your head.                
 See more »","$175,000,000","$857,611,174"
212,Cartel Land (2015) ,Filmmaker Matthew Heineman examines the state of the ongoing drug problem along the U.S.-Mexican border.,7.4/10,N/A,N/A,"$1,145,923"
213,Mission: Impossible - Rogue Nation (2015) ,Ethan and his team take on their most impossible mission yet when they have to eradicate an international rogue organization as highly skilled as they are and committed to destroying the IMF.,7.4/10,"Go rogue                
 See more »","$150,000,000","$682,714,267"
214,Creed (2015) ,"The former World Heavyweight Champion Rocky Balboa serves as a trainer and mentor to Adonis Johnson, the son of his late friend and former rival Apollo Creed.",7.6/10,Your legacy is more than a name,"$35,000,000","$173,567,581"
215,Beasts of No Nation (2015) ,"A drama based on the experiences of Agu, a child soldier fighting in the civil war of an unnamed African country.",7.7/10,Child. Captive. Killer.,"$6,000,000","$90,777"
216,The Hateful Eight (2015) ,"In the dead of a Wyoming winter, a bounty hunter and his prisoner find shelter in a cabin currently inhabited by a collection of nefarious characters.",7.8/10,"No One Comes Up Here Without a Damn Good Reason                
 See more »","$44,000,000","$155,760,117"
217,Mustang (2015) ,"When five orphan girls are seen innocently playing with boys on a beach, their scandalized conservative guardians confine them while forced marriages are arranged.",7.6/10,Their spirit would never be broken,"EUR1,300,000","$5,274,664"
218,The Falling (2014) ,"It's 1969 at a strict English girls' school where charismatic Abbie and intense and troubled Lydia are best friends. After a tragedy occurs at the school, a mysterious fainting epidemic breaks out threatening the stability of all involved.",5.4/10,N/A,"GBP750,000","$569,498"
219,The Final Girls (2015) ,"A young woman grieving the loss of her mother, a famous scream queen from the 1980s, finds herself pulled into the world of her mom's most famous movie. Reunited, the women must fight off the film's maniacal killer.",6.6/10,Who will survive?,"$4,500,000",N/A
220,Mississippi Grind (2015) ,"Down on his luck and facing financial hardship, Gerry teams up with younger charismatic poker player, Curtis, in an attempt to change his luck. The two set off on a road trip through the South with visions of winning back what's been lost.",6.4/10,We can't lose.,"$6,000,000","$422,746"
221,Steve Jobs (2015) ,"Steve Jobs takes us behind the scenes of the digital revolution, to paint a portrait of the man at its epicenter. The story unfolds backstage at three iconic product launches, ending in 1998 with the unveiling of the iMac.",7.2/10,Can a great man be a good man?,"$30,000,000","$34,441,873"
222,Carol (2015) ,An aspiring photographer develops an intimate relationship with an older woman in 1950s New York.,7.2/10,Some people change your life forever,"$11,800,000","$40,272,135"
223,99 Homes (2014) ,A recently unemployed single father struggles to get back his foreclosed home by working for the real estate broker who is the source of his frustration.,7.1/10,"Greed is the only game in town.                
 See more »","$8,000,000","$1,828,232"
224,Man Up (2015) ,"A single woman takes the place of a stranger's blind date, which leads to her finding the perfect boyfriend.",6.8/10,"Right place, wrong date.                
 See more »",N/A,"$6,135,977"
225,Victoria (2015) ,A young Spanish woman who has recently moved to Berlin finds her flirtation with a local guy turn potentially deadly as their night out with his friends reveals a dangerous secret.,7.6/10,One girl. One city. One night. One take.,N/A,"$3,191,971"
226,Southpaw (2015) ,"A champion boxer fights to get his daughter back from child protective services as well as revive his professional career, after a fatal incident sends him on a rampant path of destruction.",7.4/10,"His left is his strongest weapon.                
 See more »","$30,000,000","$91,970,827"
227,Kingsman: The Secret Service (2014) ,"A spy organisation recruits a promising street kid into the agency's training program, while a global threat emerges from a twisted tech genius.",7.7/10,Manners maketh man.,"$81,000,000","$414,351,546"
228,Straight Outta Compton (2015) ,"The rap group NWA emerges from the mean streets of Compton in Los Angeles, California, in the mid-1980s and revolutionizes Hip Hop culture with their music and tales about life in the hood.",7.9/10,"The group that defined a generation becomes a movie of our time.                
 See more »","$28,000,000","$201,634,991"
229,The Stanford Prison Experiment (2015) ,"In 1971, twenty-four male students are selected to take on randomly assigned roles of prisoners and guards in a mock prison situated in the basement of the Stanford psychology building.",6.9/10,They were given 2 weeks. It lasted 6 days.,N/A,"$663,114"
230,Mistress America (2015) ,"A lonely college freshman's life is turned upside-down by her impetuous, adventurous stepsister-to-be.",6.7/10,from strangers to sisters.,N/A,"$3,340,737"
231,Goodnight Mommy (2014) ,"Twin boys move to a new home with their mother after she has face changing cosmetic surgery, but under her bandages is someone the children don't recognize.",6.7/10,A mother should look out for her sons.,N/A,"$2,193,474"
232,Sleeping with Other People (2015) ,"A good-natured womanizer and a serial cheater form a platonic relationship that helps reform them in ways, while a mutual attraction sets in.",6.5/10,a romantic comedy with commitment issues,N/A,"$3,224,947"
233,The Assassin (2015) ,A female assassin receives a dangerous mission to kill a political leader in eighth-century China.,6.3/10,N/A,"$15,000,000","$11,991,669"
234,Star Wars: Episode VII - The Force Awakens (2015) ,"Three decades after the Empire's defeat, a new threat arises in the militant First Order. Defected stormtrooper Finn and the scavenger Rey are caught up in the Resistance's search for the missing Luke Skywalker.",7.9/10,"Every generation has a story.                
 See more »","$245,000,000","$2,068,223,624"
235,Ex Machina (2014) ,A young programmer is selected to participate in a ground-breaking experiment in synthetic intelligence by evaluating the human qualities of a highly advanced humanoid A.I.,7.7/10,"What happens to me if I fail your test?                
 See more »","$15,000,000","$36,869,414"
236,De Palma (2015) ,A documentary about writer and director Brian De Palma.,7.4/10,Being a director is being a watcher,N/A,"$168,045"
237,Avengers: Age of Ultron (2015) ,"When Tony Stark and Bruce Banner try to jump-start a dormant peacekeeping program called Ultron, things go horribly wrong and it's up to Earth's mightiest heroes to stop the villainous Ultron from enacting his terrible plan.",7.3/10,A new age begins,"$250,000,000","$1,402,805,868"
238,Shaun the Sheep Movie (2015) ,"When Shaun decides to take the day off and have some fun, he gets a little more action than he bargained for. A mix up with the Farmer, a caravan and a very steep hill lead them all to the Big City and it's up to Shaun and the flock to return everyone safely to the green grass of home.",7.3/10,"Same sheep. Different turf.                
 See more »","$25,000,000","$106,209,378"
239,Cop Car (2015) ,A small-town sheriff sets out to find the two kids who have taken his car on a joy ride.,6.3/10,"The ride is just getting started.                
 See more »","$800,000","$143,658"
240,Black Mass (2015) ,"The true story of Whitey Bulger, the brother of a state senator and the most infamous violent criminal in the history of South Boston, who became an FBI informant to take down a Mafia family invading his turf.",6.9/10,"Keep your enemies close.                
 See more »","$53,000,000","$99,775,678"
241,Tangerine (2015) ,A hooker tears through Tinseltown on Christmas Eve searching for the pimp who broke her heart.,7.1/10,N/A,"$100,000","$828,874"
242,Clouds of Sils Maria (2014) ,A film star comes face-to-face with an uncomfortable reflection of herself while starring in a revival of the play that launched her career.,6.7/10,N/A,N/A,"$4,728,401"
243,Grandma (2015) ,"A teenager facing an unplanned pregnancy seeks help from her acerbic grandmother, a woman who is long estranged from her daughter.",6.7/10,N/A,"$600,000","$7,205,073"
244,Cinderella (2015) ,"When her father unexpectedly dies, young Ella finds herself at the mercy of her cruel stepmother and her scheming stepsisters. Never one to give up hope, Ella's fortunes begin to change after meeting a dashing stranger.",6.9/10,Midnight is just the beginning.,"$95,000,000","$542,351,353"
245,The Lobster (2015) ,"In a dystopian near future, single people, according to the laws of The City, are taken to The Hotel, where they are obliged to find a romantic partner in forty-five days or are transformed into beasts and sent off into The Woods.",7.2/10,An unconventional love story by Yorgos Lanthimos.,"EUR4,000,000","$15,456,717"
246,What We Do in the Shadows (2014) ,"Viago, Deacon and Vladislav are vampires who are finding that modern life has them struggling with the mundane - like paying rent, keeping up with the chore wheel, trying to get into nightclubs and overcoming flatmate conflicts.",7.7/10,Some interviews with some vampires.,"$1,600,000","$6,979,001"
247,Paddington (2014) ,"A young Peruvian bear travels to London in search of a home. Finding himself lost and alone at Paddington Station, he meets the kindly Brown family, who offer him a temporary haven.",7.2/10,"Please look after this bear. Thank you                
 See more »","$55,000,000","$282,839,394"
248,Bone Tomahawk (2015) ,"In the dying days of the old west, an elderly sheriff and his posse set out to rescue their town's doctor from cannibalistic cave dwellers.",7.1/10,"John Brooder: An armed gentleman                
 See more »","$1,800,000","$382,579"
249,The Man from U.N.C.L.E. (2015) ,"In the early 1960s, CIA agent Napoleon Solo and KGB operative Illya Kuryakin participate in a joint mission against a mysterious criminal organization, which is working to proliferate nuclear weapons.",7.3/10,"A higher class of hero                
 See more »","$75,000,000","$107,045,109"
250,Take Me to the River (2015) ,A Californian teenager's plan to come out at his Nebraskan family reunion gets derailed when a bloodstain on his young cousin's dress makes him the unwitting suspect of abuse.,6.2/10,N/A,N/A,"$28,041"
251,The Duff (2015) ,"A high school senior instigates a social pecking order revolution after finding out that she has been labeled the DUFF - Designated Ugly Fat Friend - by her prettier, more popular counterparts.",6.5/10,"Every duff has their day                
 See more »","$8,500,000","$43,709,744"
