ID,MovieName,MovieLink,Year
1,Brooklyn,https://www.imdb.com/title/tt2388771/?ref_=ttls_li_tt,2015
2,The Big Short,https://www.imdb.com/title/tt2388771/?ref_=ttls_li_tt,2015
3,Mad Max: Fury Road,https://www.imdb.com/title/tt2388771/?ref_=ttls_li_tt,2015
4,Sicario,https://www.imdb.com/title/tt2388771/?ref_=ttls_li_tt,2015
5,When Marnie Was There,https://www.imdb.com/title/tt2388771/?ref_=ttls_li_tt,2015
6,The Martian,https://www.imdb.com/title/tt2388771/?ref_=ttls_li_tt,2015
7,The Revenant,https://www.imdb.com/title/tt2388771/?ref_=ttls_li_tt,2015
8,Anomalisa,https://www.imdb.com/title/tt2388771/?ref_=ttls_li_tt,2015
9,Spotlight,https://www.imdb.com/title/tt2388771/?ref_=ttls_li_tt,2015
10,Room,https://www.imdb.com/title/tt2388771/?ref_=ttls_li_tt,2015
11,Inside Out,https://www.imdb.com/title/tt2388771/?ref_=ttls_li_tt,2015
12,Cartel Land,https://www.imdb.com/title/tt2388771/?ref_=ttls_li_tt,2015
13,Mission: Impossible - Rogue Nation,https://www.imdb.com/title/tt2388771/?ref_=ttls_li_tt,2015
14,Creed,https://www.imdb.com/title/tt2388771/?ref_=ttls_li_tt,2015
15,Beasts of No Nation,https://www.imdb.com/title/tt2388771/?ref_=ttls_li_tt,2015
16,The Hateful Eight,https://www.imdb.com/title/tt2388771/?ref_=ttls_li_tt,2015
17,Mustang,https://www.imdb.com/title/tt2388771/?ref_=ttls_li_tt,2015
18,The Falling,https://www.imdb.com/title/tt2388771/?ref_=ttls_li_tt,2015
19,The Final Girls,https://www.imdb.com/title/tt2388771/?ref_=ttls_li_tt,2015
20,Mississippi Grind,https://www.imdb.com/title/tt2388771/?ref_=ttls_li_tt,2015
21,Steve Jobs,https://www.imdb.com/title/tt2388771/?ref_=ttls_li_tt,2015
22,Carol,https://www.imdb.com/title/tt2388771/?ref_=ttls_li_tt,2015
23,99 Homes,https://www.imdb.com/title/tt2388771/?ref_=ttls_li_tt,2015
24,Man Up,https://www.imdb.com/title/tt2388771/?ref_=ttls_li_tt,2015
25,Victoria,https://www.imdb.com/title/tt2388771/?ref_=ttls_li_tt,2015
26,Southpaw,https://www.imdb.com/title/tt2388771/?ref_=ttls_li_tt,2015
27,Kingsman: The Secret Service,https://www.imdb.com/title/tt2388771/?ref_=ttls_li_tt,2015
28,Straight Outta Compton,https://www.imdb.com/title/tt2388771/?ref_=ttls_li_tt,2015
29,The Stanford Prison Experiment,https://www.imdb.com/title/tt2388771/?ref_=ttls_li_tt,2015
30,Mistress America,https://www.imdb.com/title/tt2388771/?ref_=ttls_li_tt,2015
31,Goodnight Mommy,https://www.imdb.com/title/tt2388771/?ref_=ttls_li_tt,2015
32,Sleeping with Other People,https://www.imdb.com/title/tt2388771/?ref_=ttls_li_tt,2015
33,The Assassin,https://www.imdb.com/title/tt2388771/?ref_=ttls_li_tt,2015
34,Star Wars: Episode VII - The Force Awakens,https://www.imdb.com/title/tt2388771/?ref_=ttls_li_tt,2015
35,Ex Machina,https://www.imdb.com/title/tt2388771/?ref_=ttls_li_tt,2015
36,De Palma,https://www.imdb.com/title/tt2388771/?ref_=ttls_li_tt,2015
37,Avengers: Age of Ultron,https://www.imdb.com/title/tt2388771/?ref_=ttls_li_tt,2015
38,Shaun the Sheep Movie,https://www.imdb.com/title/tt2388771/?ref_=ttls_li_tt,2015
39,Cop Car,https://www.imdb.com/title/tt2388771/?ref_=ttls_li_tt,2015
40,Black Mass,https://www.imdb.com/title/tt2388771/?ref_=ttls_li_tt,2015
41,Tangerine,https://www.imdb.com/title/tt2388771/?ref_=ttls_li_tt,2015
42,Clouds of Sils Maria,https://www.imdb.com/title/tt2388771/?ref_=ttls_li_tt,2015
43,Grandma,https://www.imdb.com/title/tt2388771/?ref_=ttls_li_tt,2015
44,Cinderella,https://www.imdb.com/title/tt2388771/?ref_=ttls_li_tt,2015
45,The Lobster,https://www.imdb.com/title/tt2388771/?ref_=ttls_li_tt,2015
46,What We Do in the Shadows,https://www.imdb.com/title/tt2388771/?ref_=ttls_li_tt,2015
47,Paddington,https://www.imdb.com/title/tt2388771/?ref_=ttls_li_tt,2015
48,Bone Tomahawk,https://www.imdb.com/title/tt2388771/?ref_=ttls_li_tt,2015
49,The Man from U.N.C.L.E.,https://www.imdb.com/title/tt2388771/?ref_=ttls_li_tt,2015
50,Take Me to the River,https://www.imdb.com/title/tt2388771/?ref_=ttls_li_tt,2015
51,Captain Fantastic,https://www.imdb.com/title/tt2388771/?ref_=ttls_li_tt,2016
52,La La Land,https://www.imdb.com/title/tt2388771/?ref_=ttls_li_tt,2016
53,Hacksaw Ridge,https://www.imdb.com/title/tt2388771/?ref_=ttls_li_tt,2016
54,Lion,https://www.imdb.com/title/tt2388771/?ref_=ttls_li_tt,2016
55,Hell or High Water,https://www.imdb.com/title/tt2388771/?ref_=ttls_li_tt,2016
56,The Witch,https://www.imdb.com/title/tt2388771/?ref_=ttls_li_tt,2016
57,The Jungle Book,https://www.imdb.com/title/tt2388771/?ref_=ttls_li_tt,2016
58,Deadpool,https://www.imdb.com/title/tt2388771/?ref_=ttls_li_tt,2016
59,Moonlight,https://www.imdb.com/title/tt2388771/?ref_=ttls_li_tt,2016
60,Other People,https://www.imdb.com/title/tt2388771/?ref_=ttls_li_tt,2016
61,Zootopia,https://www.imdb.com/title/tt2388771/?ref_=ttls_li_tt,2016
62,Nocturnal Animals,https://www.imdb.com/title/tt2388771/?ref_=ttls_li_tt,2016
63,Train to Busan,https://www.imdb.com/title/tt2388771/?ref_=ttls_li_tt,2016
64,Don't Breathe,https://www.imdb.com/title/tt2388771/?ref_=ttls_li_tt,2016
65,Sing Street,https://www.imdb.com/title/tt2388771/?ref_=ttls_li_tt,2016
66,Doctor Strange,https://www.imdb.com/title/tt2388771/?ref_=ttls_li_tt,2016
67,The Conjuring 2,https://www.imdb.com/title/tt2388771/?ref_=ttls_li_tt,2016
68,The Distinguished Citizen,https://www.imdb.com/title/tt2388771/?ref_=ttls_li_tt,2016
69,Your Name.,https://www.imdb.com/title/tt2388771/?ref_=ttls_li_tt,2016
70,Miss Peregrine's Home for Peculiar Children,https://www.imdb.com/title/tt2388771/?ref_=ttls_li_tt,2016
71,Eddie the Eagle,https://www.imdb.com/title/tt2388771/?ref_=ttls_li_tt,2016
72,Elle,https://www.imdb.com/title/tt2388771/?ref_=ttls_li_tt,2016
73,Julieta,https://www.imdb.com/title/tt2388771/?ref_=ttls_li_tt,2016
74,Manchester by the Sea,https://www.imdb.com/title/tt2388771/?ref_=ttls_li_tt,2016
75,10 Cloverfield Lane,https://www.imdb.com/title/tt2388771/?ref_=ttls_li_tt,2016
76,Hidden Figures,https://www.imdb.com/title/tt2388771/?ref_=ttls_li_tt,2016
77,Florence Foster Jenkins,https://www.imdb.com/title/tt2388771/?ref_=ttls_li_tt,2016
78,The Invisible Guest,https://www.imdb.com/title/tt2388771/?ref_=ttls_li_tt,2016
79,Deepwater Horizon,https://www.imdb.com/title/tt2388771/?ref_=ttls_li_tt,2016
80,The Edge of Seventeen,https://www.imdb.com/title/tt2388771/?ref_=ttls_li_tt,2016
81,The Magnificent Seven,https://www.imdb.com/title/tt2388771/?ref_=ttls_li_tt,2016
82,The Shallows,https://www.imdb.com/title/tt2388771/?ref_=ttls_li_tt,2016
83,X-Men: Apocalypse,https://www.imdb.com/title/tt2388771/?ref_=ttls_li_tt,2016
84,Hush,https://www.imdb.com/title/tt2388771/?ref_=ttls_li_tt,2016
85,Captain America: Civil War,https://www.imdb.com/title/tt2388771/?ref_=ttls_li_tt,2016
86,¿Qué culpa tiene el niño?,https://www.imdb.com/title/tt2388771/?ref_=ttls_li_tt,2016
87,War Dogs,https://www.imdb.com/title/tt2388771/?ref_=ttls_li_tt,2016
88,A Monster Calls,https://www.imdb.com/title/tt2388771/?ref_=ttls_li_tt,2016
89,"I, Daniel Blake",https://www.imdb.com/title/tt2388771/?ref_=ttls_li_tt,2016
90,Lights Out,https://www.imdb.com/title/tt2388771/?ref_=ttls_li_tt,2016
91,The Innocents,https://www.imdb.com/title/tt2388771/?ref_=ttls_li_tt,2016
92,Rogue One: A Star Wars Story,https://www.imdb.com/title/tt2388771/?ref_=ttls_li_tt,2016
93,13 Hours,https://www.imdb.com/title/tt2388771/?ref_=ttls_li_tt,2016
94,Fantastic Beasts and Where to Find Them,https://www.imdb.com/title/tt2388771/?ref_=ttls_li_tt,2016
95,The Boy,https://www.imdb.com/title/tt2388771/?ref_=ttls_li_tt,2016
96,The Nice Guys,https://www.imdb.com/title/tt2388771/?ref_=ttls_li_tt,2016
97,Kubo and the Two Strings,https://www.imdb.com/title/tt2388771/?ref_=ttls_li_tt,2016
98,Little Men,https://www.imdb.com/title/tt2388771/?ref_=ttls_li_tt,2016
99,American Honey,https://www.imdb.com/title/tt2388771/?ref_=ttls_li_tt,2016
100,The Founder,https://www.imdb.com/title/tt2388771/?ref_=ttls_li_tt,2016
101,"Three Billboards Outside Ebbing, Missouri",https://www.imdb.com/title/tt2388771/?ref_=ttls_li_tt,2017
102,Good Time,https://www.imdb.com/title/tt2388771/?ref_=ttls_li_tt,2017
103,Okja,https://www.imdb.com/title/tt2388771/?ref_=ttls_li_tt,2017
104,Mudbound,https://www.imdb.com/title/tt2388771/?ref_=ttls_li_tt,2017
105,Coco,https://www.imdb.com/title/tt2388771/?ref_=ttls_li_tt,2017
106,Blade Runner 2049,https://www.imdb.com/title/tt2388771/?ref_=ttls_li_tt,2017
107,A Silent Voice: The Movie,https://www.imdb.com/title/tt2388771/?ref_=ttls_li_tt,2017
108,The Shape of Water,https://www.imdb.com/title/tt2388771/?ref_=ttls_li_tt,2017
109,Dunkirk,https://www.imdb.com/title/tt2388771/?ref_=ttls_li_tt,2017
110,Raw,https://www.imdb.com/title/tt2388771/?ref_=ttls_li_tt,2017
111,The Florida Project,https://www.imdb.com/title/tt2388771/?ref_=ttls_li_tt,2017
112,It,https://www.imdb.com/title/tt2388771/?ref_=ttls_li_tt,2017
113,Thor: Ragnarok,https://www.imdb.com/title/tt2388771/?ref_=ttls_li_tt,2017
114,Tigers Are Not Afraid,https://www.imdb.com/title/tt2388771/?ref_=ttls_li_tt,2017
115,T2 Trainspotting,https://www.imdb.com/title/tt2388771/?ref_=ttls_li_tt,2017
116,Wind River,https://www.imdb.com/title/tt2388771/?ref_=ttls_li_tt,2017
117,Ingrid Goes West,https://www.imdb.com/title/tt2388771/?ref_=ttls_li_tt,2017
118,Call Me by Your Name,https://www.imdb.com/title/tt2388771/?ref_=ttls_li_tt,2017
119,One Cut of the Dead,https://www.imdb.com/title/tt2388771/?ref_=ttls_li_tt,2017
120,Get Out,https://www.imdb.com/title/tt2388771/?ref_=ttls_li_tt,2017
121,Spider-Man: Homecoming,https://www.imdb.com/title/tt2388771/?ref_=ttls_li_tt,2017
122,Logan,https://www.imdb.com/title/tt2388771/?ref_=ttls_li_tt,2017
123,Detroit,https://www.imdb.com/title/tt2388771/?ref_=ttls_li_tt,2017
124,Wonder Woman,https://www.imdb.com/title/tt2388771/?ref_=ttls_li_tt,2017
125,I Don't Feel at Home in This World Anymore.,https://www.imdb.com/title/tt2388771/?ref_=ttls_li_tt,2017
126,"I, Tonya",https://www.imdb.com/title/tt2388771/?ref_=ttls_li_tt,2017
127,Hostiles,https://www.imdb.com/title/tt2388771/?ref_=ttls_li_tt,2017
128,Gerald's Game,https://www.imdb.com/title/tt2388771/?ref_=ttls_li_tt,2017
129,Molly's Game,https://www.imdb.com/title/tt2388771/?ref_=ttls_li_tt,2017
130,Personal Shopper,https://www.imdb.com/title/tt2388771/?ref_=ttls_li_tt,2017
131,Berlin Syndrome,https://www.imdb.com/title/tt2388771/?ref_=ttls_li_tt,2017
132,A Fantastic Woman,https://www.imdb.com/title/tt2388771/?ref_=ttls_li_tt,2017
133,Mother!,https://www.imdb.com/title/tt2388771/?ref_=ttls_li_tt,2017
134,The Breadwinner,https://www.imdb.com/title/tt2388771/?ref_=ttls_li_tt,2017
135,Una,https://www.imdb.com/title/tt2388771/?ref_=ttls_li_tt,2017
136,Star Wars: Episode VIII - The Last Jedi,https://www.imdb.com/title/tt2388771/?ref_=ttls_li_tt,2017
137,The Villainess,https://www.imdb.com/title/tt2388771/?ref_=ttls_li_tt,2017
138,Gook,https://www.imdb.com/title/tt2388771/?ref_=ttls_li_tt,2017
139,Loveless,https://www.imdb.com/title/tt2388771/?ref_=ttls_li_tt,2017
140,The Killing of a Sacred Deer,https://www.imdb.com/title/tt2388771/?ref_=ttls_li_tt,2017
141,The Meyerowitz Stories,https://www.imdb.com/title/tt2388771/?ref_=ttls_li_tt,2017
142,It Comes At Night,https://www.imdb.com/title/tt2388771/?ref_=ttls_li_tt,2017
143,Patti Cake$,https://www.imdb.com/title/tt2388771/?ref_=ttls_li_tt,2017
144,Better Watch Out,https://www.imdb.com/title/tt2388771/?ref_=ttls_li_tt,2017
145,War for the Planet of the Apes,https://www.imdb.com/title/tt2388771/?ref_=ttls_li_tt,2017
146,The Big Sick,https://www.imdb.com/title/tt2388771/?ref_=ttls_li_tt,2017
147,Split,https://www.imdb.com/title/tt2388771/?ref_=ttls_li_tt,2017
148,Guardians of the Galaxy Vol. 2,https://www.imdb.com/title/tt2388771/?ref_=ttls_li_tt,2017
149,Brawl in Cell Block 99,https://www.imdb.com/title/tt2388771/?ref_=ttls_li_tt,2017
150,The Lego Batman Movie,https://www.imdb.com/title/tt2388771/?ref_=ttls_li_tt,2017
151,Avengers: Infinity War,https://www.imdb.com/title/tt2388771/?ref_=ttls_li_tt,2018
152,Black Panther,https://www.imdb.com/title/tt2388771/?ref_=ttls_li_tt,2018
153,Roma,https://www.imdb.com/title/tt2388771/?ref_=ttls_li_tt,2018
154,They Shall Not Grow Old,https://www.imdb.com/title/tt2388771/?ref_=ttls_li_tt,2018
155,Spider-Man: Into the Spider-Verse,https://www.imdb.com/title/tt2388771/?ref_=ttls_li_tt,2018
156,If Beale Street Could Talk,https://www.imdb.com/title/tt2388771/?ref_=ttls_li_tt,2018
157,First Man,https://www.imdb.com/title/tt2388771/?ref_=ttls_li_tt,2018
158,Deadpool 2,https://www.imdb.com/title/tt2388771/?ref_=ttls_li_tt,2018
159,Shoplifters,https://www.imdb.com/title/tt2388771/?ref_=ttls_li_tt,2018
160,Bohemian Rhapsody,https://www.imdb.com/title/tt2388771/?ref_=ttls_li_tt,2018
161,Vice,https://www.imdb.com/title/tt2388771/?ref_=ttls_li_tt,2018
162,Green Book,https://www.imdb.com/title/tt2388771/?ref_=ttls_li_tt,2018
163,Eighth Grade,https://www.imdb.com/title/tt2388771/?ref_=ttls_li_tt,2018
164,Minding the Gap,https://www.imdb.com/title/tt2388771/?ref_=ttls_li_tt,2018
165,Isle of Dogs,https://www.imdb.com/title/tt2388771/?ref_=ttls_li_tt,2018
166,Mission: Impossible - Fallout,https://www.imdb.com/title/tt2388771/?ref_=ttls_li_tt,2018
167,The Favourite,https://www.imdb.com/title/tt2388771/?ref_=ttls_li_tt,2018
168,The Tale,https://www.imdb.com/title/tt2388771/?ref_=ttls_li_tt,2018
169,BlacKkKlansman,https://www.imdb.com/title/tt2388771/?ref_=ttls_li_tt,2018
170,Ralph Breaks the Internet,https://www.imdb.com/title/tt2388771/?ref_=ttls_li_tt,2018
171,Cold War,https://www.imdb.com/title/tt2388771/?ref_=ttls_li_tt,2018
172,The Death of Stalin,https://www.imdb.com/title/tt2388771/?ref_=ttls_li_tt,2018
173,Ready Player One,https://www.imdb.com/title/tt2388771/?ref_=ttls_li_tt,2018
174,A Star Is Born,https://www.imdb.com/title/tt2388771/?ref_=ttls_li_tt,2018
175,Mirai,https://www.imdb.com/title/tt2388771/?ref_=ttls_li_tt,2018
176,Sorry to Bother You,https://www.imdb.com/title/tt2388771/?ref_=ttls_li_tt,2018
177,Widows,https://www.imdb.com/title/tt2388771/?ref_=ttls_li_tt,2018
178,A Quiet Place,https://www.imdb.com/title/tt2388771/?ref_=ttls_li_tt,2018
179,Burning,https://www.imdb.com/title/tt2388771/?ref_=ttls_li_tt,2018
180,Andhadhun,https://www.imdb.com/title/tt2388771/?ref_=ttls_li_tt,2018
181,Shirkers,https://www.imdb.com/title/tt2388771/?ref_=ttls_li_tt,2018
182,On My Skin: The Last Seven Days of Stefano Cucchi,https://www.imdb.com/title/tt2388771/?ref_=ttls_li_tt,2018
183,Crime + Punishment,https://www.imdb.com/title/tt2388771/?ref_=ttls_li_tt,2018
184,RBG,https://www.imdb.com/title/tt2388771/?ref_=ttls_li_tt,2018
185,Western,https://www.imdb.com/title/tt2388771/?ref_=ttls_li_tt,2018
186,The Ballad of Buster Scruggs,https://www.imdb.com/title/tt2388771/?ref_=ttls_li_tt,2018
187,Creed II,https://www.imdb.com/title/tt2388771/?ref_=ttls_li_tt,2018
188,Crazy Rich Asians,https://www.imdb.com/title/tt2388771/?ref_=ttls_li_tt,2018
189,First Reformed,https://www.imdb.com/title/tt2388771/?ref_=ttls_li_tt,2018
190,Can You Ever Forgive Me?,https://www.imdb.com/title/tt2388771/?ref_=ttls_li_tt,2018
191,The Rider,https://www.imdb.com/title/tt2388771/?ref_=ttls_li_tt,2018
192,Aquaman,https://www.imdb.com/title/tt2388771/?ref_=ttls_li_tt,2018
193,Upgrade,https://www.imdb.com/title/tt2388771/?ref_=ttls_li_tt,2018
194,Incredibles 2,https://www.imdb.com/title/tt2388771/?ref_=ttls_li_tt,2018
195,Happy as Lazzaro,https://www.imdb.com/title/tt2388771/?ref_=ttls_li_tt,2018
196,Sweet Country,https://www.imdb.com/title/tt2388771/?ref_=ttls_li_tt,2018
197,Hereditary,https://www.imdb.com/title/tt2388771/?ref_=ttls_li_tt,2018
198,Annihilation,https://www.imdb.com/title/tt2388771/?ref_=ttls_li_tt,2018
199,The Endless,https://www.imdb.com/title/tt2388771/?ref_=ttls_li_tt,2018
200,Venom,https://www.imdb.com/title/tt2388771/?ref_=ttls_li_tt,2018
201,Joker,https://www.imdb.com/title/tt2388771/?ref_=ttls_li_tt,2019
202,Jojo Rabbit,https://www.imdb.com/title/tt2388771/?ref_=ttls_li_tt,2019
203,The King,https://www.imdb.com/title/tt2388771/?ref_=ttls_li_tt,2019
204,Parasite,https://www.imdb.com/title/tt2388771/?ref_=ttls_li_tt,2019
205,Marriage Story,https://www.imdb.com/title/tt2388771/?ref_=ttls_li_tt,2019
206,1917,https://www.imdb.com/title/tt2388771/?ref_=ttls_li_tt,2019
207,Midsommar,https://www.imdb.com/title/tt2388771/?ref_=ttls_li_tt,2019
208,Ready or Not,https://www.imdb.com/title/tt2388771/?ref_=ttls_li_tt,2019
209,Little Joe,https://www.imdb.com/title/tt2388771/?ref_=ttls_li_tt,2019
210,Dolemite Is My Name,https://www.imdb.com/title/tt2388771/?ref_=ttls_li_tt,2019
211,The Art of Racing in the Rain,https://www.imdb.com/title/tt2388771/?ref_=ttls_li_tt,2019
212,Zombieland: Double Tap,https://www.imdb.com/title/tt2388771/?ref_=ttls_li_tt,2019
213,The Perfection,https://www.imdb.com/title/tt2388771/?ref_=ttls_li_tt,2019
214,The Laundromat,https://www.imdb.com/title/tt2388771/?ref_=ttls_li_tt,2019
215,John Wick: Chapter 3 - Parabellum,https://www.imdb.com/title/tt2388771/?ref_=ttls_li_tt,2019
216,Us,https://www.imdb.com/title/tt2388771/?ref_=ttls_li_tt,2019
217,Cold Pursuit,https://www.imdb.com/title/tt2388771/?ref_=ttls_li_tt,2019
218,Fast & Furious Presents: Hobbs & Shaw,https://www.imdb.com/title/tt2388771/?ref_=ttls_li_tt,2019
219,It Chapter Two,https://www.imdb.com/title/tt2388771/?ref_=ttls_li_tt,2019
220,Freaks,https://www.imdb.com/title/tt2388771/?ref_=ttls_li_tt,2019
221,The Irishman,https://www.imdb.com/title/tt2388771/?ref_=ttls_li_tt,2019
222,Black and Blue,https://www.imdb.com/title/tt2388771/?ref_=ttls_li_tt,2019
223,Captive State,https://www.imdb.com/title/tt2388771/?ref_=ttls_li_tt,2019
224,Once Upon a Time... in Hollywood,https://www.imdb.com/title/tt2388771/?ref_=ttls_li_tt,2019
225,A Beautiful Day in the Neighborhood,https://www.imdb.com/title/tt2388771/?ref_=ttls_li_tt,2019
226,Rocketman,https://www.imdb.com/title/tt2388771/?ref_=ttls_li_tt,2019
227,Jexi,https://www.imdb.com/title/tt2388771/?ref_=ttls_li_tt,2019
228,In the Shadow of the Moon,https://www.imdb.com/title/tt2388771/?ref_=ttls_li_tt,2019
229,3 from Hell,https://www.imdb.com/title/tt2388771/?ref_=ttls_li_tt,2019
230,Eli,https://www.imdb.com/title/tt2388771/?ref_=ttls_li_tt,2019
231,Pokémon Detective Pikachu,https://www.imdb.com/title/tt2388771/?ref_=ttls_li_tt,2019
232,Aniara,https://www.imdb.com/title/tt2388771/?ref_=ttls_li_tt,2019
233,Climax,https://www.imdb.com/title/tt2388771/?ref_=ttls_li_tt,2019
234,Ad Astra,https://www.imdb.com/title/tt2388771/?ref_=ttls_li_tt,2019
235,Alita: Battle Angel,https://www.imdb.com/title/tt2388771/?ref_=ttls_li_tt,2019
236,Avengers: Endgame,https://www.imdb.com/title/tt2388771/?ref_=ttls_li_tt,2019
237,Under the Silver Lake,https://www.imdb.com/title/tt2388771/?ref_=ttls_li_tt,2019
238,Knives Out,https://www.imdb.com/title/tt2388771/?ref_=ttls_li_tt,2019
239,Hustlers,https://www.imdb.com/title/tt2388771/?ref_=ttls_li_tt,2019
240,Ford v Ferrari,https://www.imdb.com/title/tt2388771/?ref_=ttls_li_tt,2019
241,Crawl,https://www.imdb.com/title/tt2388771/?ref_=ttls_li_tt,2019
242,Doctor Sleep,https://www.imdb.com/title/tt2388771/?ref_=ttls_li_tt,2019
243,Brightburn,https://www.imdb.com/title/tt2388771/?ref_=ttls_li_tt,2019
244,Long Shot,https://www.imdb.com/title/tt2388771/?ref_=ttls_li_tt,2019
245,47 Meters Down: Uncaged,https://www.imdb.com/title/tt2388771/?ref_=ttls_li_tt,2019
246,Anna,https://www.imdb.com/title/tt2388771/?ref_=ttls_li_tt,2019
247,Hellboy,https://www.imdb.com/title/tt2388771/?ref_=ttls_li_tt,2019
248,Greta,https://www.imdb.com/title/tt2388771/?ref_=ttls_li_tt,2019
249,The Beach Bum,https://www.imdb.com/title/tt2388771/?ref_=ttls_li_tt,2019
250,Countdown,https://www.imdb.com/title/tt2388771/?ref_=ttls_li_tt,2019
